created_date,subreddit,sentiment_mean,sentiment_std,sentiment_count,confidence,finbert_score,vader_compound,bullish_terms,bearish_terms,ticker_mentions,ticker_count,post_volume,sentiment_momentum,sentiment_volatility,bullish_ratio,Date,Open,High,Low,Close,Volume,price_change,daily_return,daily_range,is_positive_day,return_abs,volatility_3d,volatility_7d,momentum_1d,momentum_3d,momentum_7d,price_ma_7d,price_distance_ma
2025-05-19,wallstreetbets,0.0,,1,0.835747332572937,0.0,0.0,0,0,0.0,0,1,0.1263399999999999,0.0,0.0,2025-05-19,5897.240234375,5968.60986328125,5896.25,5964.16015625,1536879947.0,0.0009857316393719001,0.01134766758948091,0.012270123041531278,1,0.01134766758948091,0.008134601905674476,,0.01134766758948091,,,,
2025-06-16,wallstreetbets,0.07583044057906269,0.38005029323612083,301,0.8502077390310978,0.035719810728218865,0.1925375415282392,159,122,2.0,14,301,0.031463469664355835,0.38005029323612083,0.5638297872340425,2025-06-16,6004.0,6050.830078125,6004.0,6033.3798828125,2368289000.0,0.009377545387766101,0.00489338487883078,0.007799813145403065,1,0.00489338487883078,0.004871132068766083,0.0037156633800211657,0.00489338487883078,0.0016036050188630302,0.015775210829247266,6017.638671875,0.0026158451505356485
2025-06-17,wallstreetbets,0.08410412709477542,0.3636144195126576,320,0.8445131041543303,0.0462952958419919,0.18603562499999998,99,108,3.0,6,320,0.008273686515712739,0.3636144195126576,0.47596153846153844,2025-06-17,6012.14990234375,6023.25,5974.7998046875,5982.06005859375,1803266059.0,-0.0085261155201938,-0.005004839240330636,0.008058713787826945,0,0.005004839240330636,0.004581514926390474,0.004129989688743113,-0.005004839240330636,-0.010444672579695391,-0.002933515765541461,6015.124372209822,-0.005496862836092028
2025-06-18,wallstreetbets,0.08048982944599935,0.34647960396554844,321,0.8377698885858512,0.04296421698320692,0.19083520249221184,114,111,3.0,6,321,-0.003614297648776077,0.34647960396554844,0.504424778761062,2025-06-18,5987.93017578125,6018.25,5971.89013671875,5980.330078125,2366915000.0,-0.00026409046331910024,-0.0012692361856504798,0.0077422184160992474,0,0.0012692361856504798,0.0037224867682706317,0.004301086377442536,-0.0012692361856504798,0.00047680588903054044,-0.003975569836284887,6011.71435546875,-0.005220520385370652
2025-06-20,wallstreetbets,0.032850270770016836,0.3398886600730586,357,0.8409443705622943,-0.0014574886704025465,0.1229341736694678,113,112,9.0,17,357,-0.05056058175964872,0.3398886600730586,0.5,2025-06-20,5999.669921875,6018.2001953125,5952.56005859375,5968.33984375,1956332059.0,-0.0019963466705994,-0.005221966963677363,0.010940624663270863,0,0.005221966963677363,0.0038320141298861603,0.004335877256829465,-0.005221966963677363,-0.01078003379959247,-0.01183646451146414,6001.50146484375,-0.005525554111418245
2025-06-23,wallstreetbets,0.0728274709101527,0.34921014737276396,439,0.8688770193910403,0.039752827146873386,0.16459681093394077,170,163,3.0,7,439,0.05022366685808538,0.34921014737276396,0.5089820359281437,2025-06-23,5969.669921875,6028.77001953125,5943.22998046875,6024.75,2034455037.0,0.009449340418221399,0.009226653876316838,0.014329106999542937,1,0.009226653876316838,0.005239285675214894,0.005048013210324795,0.009226653876316838,0.007136327784760699,0.00017095501110975242,6001.648577008928,0.003849179553692684
2025-06-24,wallstreetbets,0.05681039598194584,0.3445941930109198,455,0.8425227616777314,0.028844597837427162,0.13468417582417583,191,170,8.0,23,455,-0.016017074928206858,0.3445941930109198,0.5276243093922652,2025-06-24,6061.2099609375,6101.759765625,6059.25,6093.27978515625,1913529311.0,0.0113417692350598,0.005290993782665416,0.007013412486774328,1,0.005290993782665416,0.006579871540886539,0.0049647707982116455,0.005290993782665416,0.018886868376111865,0.007953349482293648,6008.51708984375,0.014107090658987246
2025-06-25,wallstreetbets,0.05361922325703276,0.33295685313705237,476,0.8536066489653066,0.019388176187747668,0.1523392857142857,173,171,9.0,18,476,-0.00319117272491308,0.33295685313705237,0.5014492753623189,2025-06-25,6104.22998046875,6108.509765625,6080.08984375,6093.85986328125,1786672589.0,9.757654160266272e-05,-0.0016988411676297406,0.0046557750880836905,0,0.0016988411676297406,0.005405496275537332,0.004657988013585893,-0.0016988411676297406,0.021030977259562933,0.01946972356122778,6025.142787388393,0.011405053509552161
2025-06-26,wallstreetbets,0.06432914189555519,0.37341599362272165,475,0.8540677033547471,0.03532614293851351,0.1499275789473684,202,201,7.0,122,475,0.010709918638522435,0.37341599362272165,0.5,2025-06-26,6112.08984375,6146.52001953125,6107.27001953125,6142.6201171875,1950070357.0,0.007982690265039,0.004995062935588086,0.006421698797529231,1,0.004995062935588086,0.003994965961961081,0.004672513450265509,0.004995062935588086,0.019564316724760333,0.018105976500202958,6040.74853515625,0.01686406600744472
2025-06-27,wallstreetbets,0.038793763715706614,0.34786993428722485,510,0.8378837081828884,0.009600367090281317,0.12229901960784315,197,184,3.0,6,510,-0.025535378179848578,0.34786993428722485,0.5157068062827225,2025-06-27,6150.7001953125,6187.68017578125,6132.35009765625,6171.97021484375,2215321099.0,0.0048012757500428705,0.0034581460412360953,0.008995736480078726,1,0.0034581460412360953,0.003384016714817974,0.0044515572789662885,0.0034581460412360953,0.012914297793972462,0.031746614776489546,6067.878557477678,0.017154538671146514
2025-06-30,wallstreetbets,0.09548502096919483,0.3567437134862548,467,0.8454497938571416,0.0640663439507658,0.1818882226980728,186,175,8.0,17,467,0.03407465882360349,0.3567437134862548,0.5138121546961326,2025-06-30,6193.35986328125,6215.080078125,6174.97021484375,6203.60009765625,1903307542.0,0.005120783668675401,0.0016534215031991878,0.006476268805087606,1,0.0016534215031991878,0.003368876826674456,0.004506440895758961,0.0016534215031991878,0.018008329176757654,0.0373340629387553,6099.774274553572,0.017021256595642995
2025-07-01,wallstreetbets,0.09792247377045014,0.3550923708483893,544,0.8353317659968909,0.06388583571157035,0.19616617647058823,226,192,10.0,16,544,0.0024374528012553187,0.3550923708483893,0.5393794749403341,2025-07-01,6187.25,6210.77978515625,6177.97021484375,6197.580078125,2429855686.0,-0.000967756500957692,0.0016695750333346803,0.005302771071558447,1,0.0016695750333346803,0.0022603808592566543,0.003998956334281435,0.0016695750333346803,0.00894731562248463,0.03840938022573548,6132.522879464285,0.010608553761547129
2025-07-02,wallstreetbets,0.0839287743114455,0.3662159314751766,467,0.8486415631670248,0.049402657744716014,0.17733083511777303,201,192,11.0,17,467,-0.013993699459004638,0.3662159314751766,0.5101522842639594,2025-07-02,6193.8798828125,6227.60009765625,6188.2900390625,6227.27001953125,2009357664.0,0.004781852047039599,0.0053908272925028535,0.006346596856492508,1,0.0053908272925028535,0.002904607943012241,0.003450981108022294,0.0053908272925028535,0.008959830129202873,0.033614676049836145,6161.454310825893,0.010681846425399334
2025-07-03,wallstreetbets,0.05483066027293727,0.369104634785417,557,0.8398313937703771,0.022855278994065427,0.14383824057450628,221,190,9.0,19,557,-0.029098114038508233,0.369104634785417,0.5364077669902912,2025-07-03,6246.4599609375,6282.7998046875,6246.4599609375,6279.14990234375,659233605.0,0.0083224597247528,0.005233354829884114,0.0058176701647417485,1,0.005233354829884114,0.004097919051907216,0.0034427469719106795,0.005233354829884114,0.012178380859211524,0.03050411662374275,6188.007184709822,0.01472892886406732
