created_date,overall_sentiment_mean,overall_sentiment_std,overall_confidence,overall_finbert,overall_bullish,overall_bearish,overall_tickers,overall_volume,overall_momentum,overall_bullish_ratio,Date,Open,High,Low,Close,Volume,price_change,daily_return,daily_range,is_positive_day,return_abs,volatility_3d,volatility_7d,momentum_1d,momentum_3d,momentum_7d,price_ma_7d,price_distance_ma
2025-05-19,0.0,,0.835747332572937,0.0,0,0,0.0,1,0.1263399999999999,0.0,2025-05-19,19.84000015258789,19.920000076293945,17.920000076293945,18.14999961853028,0.0,0.0604339015212214,-0.08518147787600544,0.10080645083760868,0,0.08518147787600544,0.0655539733182157,,-0.08518147787600544,,,,
2025-06-02,0.06854,0.19350493430401203,0.9252501502641043,0.0,11,4,0.0,3,-0.044147499999999965,0.6875,2025-06-02,19.809999465942383,20.450000762939453,18.3700008392334,18.3700008392334,0.0,-0.007139545726145901,-0.0726904929596111,0.10499747500155254,0,0.0726904929596111,0.0587245565023272,0.054034444422676624,-0.0726904929596111,-0.04818644738810829,-0.09373456219151433,19.612857001168386,-0.06336946024033867
2025-06-03,0.0,,0.8399998998641967,0.0,0,0,0.0,1,-0.06854,0.0,2025-06-03,18.82999992370605,19.209999084472656,17.639999389648438,17.690000534057617,0.0,-0.0365028716839225,-0.06054165662599023,0.08337757308472772,0,0.06054165662599023,0.06191880176714073,0.047220063611255116,-0.06054165662599023,-0.07768507546457559,-0.20743724122183793,18.9514285496303,-0.06656110447131917
2025-06-04,0.0,,0.8399961948394775,0.0,0,0,0.0,1,0.0,0.0,2025-06-04,17.68000030517578,18.06999969482422,17.40999984741211,17.600000381469727,0.0,-0.0049551904067001995,-0.004524882484455325,0.037330307467183466,0,0.004524882484455325,0.045919010690018885,0.04662723060868484,-0.004524882484455325,-0.052744862554383154,-0.1443849954991393,18.527142933436803,-0.05004239214314144
2025-06-06,0.0,,0.8399945926666259,0.0,0,0,0.0,1,0.0,0.0,2025-06-06,18.15999984741211,18.350000381469727,16.649999618530273,16.770000457763672,0.0,-0.0968118809661887,-0.07654181725373303,0.09361237760041675,0,0.07654181725373303,0.04267079865668436,0.05210396030043213,-0.07654181725373303,-0.052006786236253544,-0.13108802483466842,18.100000381469727,-0.07348065721963583
2025-06-11,0.14666249999999995,0.06542687234615449,0.9091483519377708,0.0,3,1,0.0,4,0.14666249999999995,0.6,2025-06-11,17.040000915527344,18.09000015258789,16.239999771118164,17.260000228881836,0.0,0.020182104972641397,0.012910757132297007,0.10856809167093134,1,0.012910757132297007,0.024578149483397916,0.037469785863748155,0.012910757132297007,0.02921882872646675,-0.06042463579973811,17.4214289528983,-0.009266101216663266
2025-06-12,0.10184640172958373,0.32351504877838616,0.8973396011163878,0.02879179431044537,49,32,0.0,46,-0.044816098270416216,0.5975609756097561,2025-06-12,17.8700008392334,18.8700008392334,17.43000030517578,18.020000457763672,0.0,0.047202799868896306,0.008393934610285573,0.0805820070750143,1,0.008393934610285573,0.017577739858204603,0.030020111290076062,0.008393934610285573,0.04950497249230024,0.01865460224666049,17.46857179914202,0.031566899971109064
2025-06-13,0.11539349819188316,0.3101246257175428,0.8858595438868503,0.042420134569207825,137,97,1.0,192,0.01354709646229943,0.5829787234042553,2025-06-13,21.76000022888184,22.0,18.8799991607666,20.84000015258789,0.0,0.16292373639537439,-0.04227941482614699,0.14338239000072486,0,0.04227941482614699,0.02119470218957652,0.03541361591031773,-0.04227941482614699,0.22949847873480778,0.18409089209619678,17.931428909301758,0.1622052128694183
2025-06-16,0.09962954193431932,0.37473557714836075,0.8659000753644689,0.05125923496697231,366,245,3.0,533,0.024757020934555923,0.5980392156862745,2025-06-16,19.780000686645508,20.21999931335449,18.670000076293945,19.11000061035156,0.0,-0.0843493568689605,-0.033872601265696634,0.07836194050827447,0,0.033872601265696634,0.028181983567376393,0.033546030915150855,-0.033872601265696634,0.1071842616997214,0.032414931067019426,18.01714324951172,0.06065652837996155
2025-06-17,0.07826801288765993,0.3599100937286116,0.8655475669469486,0.02597466317090121,327,238,5.0,550,-0.02136152904665939,0.5777385159010601,2025-06-17,20.530000686645508,21.790000915527344,19.549999237060547,21.6200008392334,0.0,0.1281978402708992,0.053093040240223724,0.10910869963700917,1,0.053093040240223724,0.043081685444022445,0.03019620562750667,0.053093040240223724,0.19977804051157588,0.28920693196668457,18.710000446864537,0.15553181843223982
2025-06-18,0.09865712189100831,0.3534384775930101,0.8511172250328044,0.05753651027937969,257,212,5.0,498,0.02038910900334838,0.5468085106382978,2025-06-18,20.89999961853028,21.57999992370605,19.59000015258789,20.14999961853028,0.0,-0.0659459159454355,-0.035885168119095937,0.09521530179138349,0,0.035885168119095937,0.04095026987500543,0.031123349146539588,-0.035885168119095937,-0.033109430374544724,0.17355850489195523,19.13571466718401,0.05300481163035288
2025-06-19,0.09536344942202936,0.3615613066132167,0.887370605684991,0.036304631628669225,318,213,5.0,416,-0.0032936724689789504,0.5977443609022557,2025-06-19,21.51000022888184,22.75,21.18000030517578,22.170000076293945,0.0,0.1006635712913008,0.030683395648035044,0.07298929233464878,1,0.030683395648035044,0.0398872013357849,0.031016901691682985,0.030683395648035044,0.16012555563629016,0.3079645473980053,19.88142885480608,0.1151110032483722
2025-06-20,0.07039384237666889,0.34066321189624765,0.8642691528933503,0.024616898306614465,306,242,10.0,571,-0.02496960704536047,0.5573770491803278,2025-06-20,20.739999771118164,21.06999969482422,19.11000061035156,20.6299991607666,0.0,-0.06622387127358921,-0.005303790335848784,0.0945033320203836,0,0.005303790335848784,0.023957451367659918,0.029930192149333238,-0.005303790335848784,-0.04579101017749543,0.19524906646557372,20.362857273646764,0.013119076735147958
2025-06-23,0.07401564247813684,0.38074112646074565,0.8787603661109752,0.0343962318602965,553,432,7.0,956,-0.011950148428836654,0.5608519269776876,2025-06-23,21.14999961853028,22.51000022888184,19.81999969482422,19.850000381469727,0.0,-0.0339771170422313,-0.06146568607602137,0.1271867887742567,0,0.06146568607602137,0.03248429068663506,0.03751187093015264,-0.06146568607602137,-0.014888299887840684,0.10155382226517218,20.6242858341762,-0.037542412810407
2025-06-24,0.05826775702448123,0.3915374920261092,0.8659503329945643,0.015017155836679787,865,583,22.0,1109,-0.01574788545365561,0.5969634230503795,2025-06-24,18.190000534057617,18.71999931335449,17.329999923706055,17.479999542236328,0.0,-0.1242388026990153,-0.039032488783710344,0.07641557717636685,0,0.039032488783710344,0.03526732173186016,0.03704802435266169,-0.039032488783710344,-0.21154715913025934,-0.1612284350167973,20.14428574698312,-0.13226014752822915
2025-06-25,0.07732141319606257,0.4133828254607517,0.8751300701718617,0.03396460689750372,827,591,11.0,1275,0.01905365617158134,0.5828047921071177,2025-06-25,17.280000686645508,17.510000228881836,16.68000030517578,16.75,0.0,-0.0421934695006753,-0.030671334813956803,0.0480324010836124,0,0.030671334813956803,0.043723169891229506,0.036590700573841714,-0.030671334813956803,-0.18807558500271027,-0.12349558006153005,19.80714280264718,-0.1543454718889895
2025-06-26,0.05949674759280031,0.4073142034970248,0.874154752917839,0.02275918001500014,1016,692,16.0,1502,-0.017824665603262263,0.5944997074312464,2025-06-26,16.670000076293945,16.780000686645508,16.110000610351562,16.59000015258789,0.0,-0.009412773854864796,-0.004799035593276385,0.04019196600045241,0,0.004799035593276385,0.02483428639698117,0.02969155705284924,-0.004799035593276385,-0.16423174640969251,-0.23265497184984663,19.088571275983536,-0.13089356386453324
2025-06-27,0.045524291402115155,0.404893272266817,0.8661823896885148,0.008875496070977797,1051,714,14.0,1661,-0.013972456190685156,0.5951302378255946,2025-06-27,16.309999465942383,17.290000915527344,16.1200008392334,16.31999969482422,0.0,-0.014400985204922896,0.0006131348380922911,0.07173513884761758,1,0.0006131348380922911,0.012027835081775155,0.024652695155563002,0.0006131348380922911,-0.06636154907265535,-0.19007444149943953,18.541428429739817,-0.11980893183787839
2025-06-30,0.0844990992601208,0.38363922694662744,0.8738918855199032,0.04586802896053072,984,644,18.0,1512,0.0038224779496434103,0.6040515653775322,2025-06-30,17.190000534057617,17.43000030517578,16.549999237060547,16.729999542236328,0.0,0.026570668356672197,-0.026759800903433016,0.05119261435575501,0,0.026759800903433016,0.010723990444933893,0.024092181620619855,-0.026759800903433016,-0.0011940571799207156,-0.24537665833725142,17.764285496303014,-0.05822277255575151
2025-07-01,0.06278022027054218,0.39163612342953075,0.8685677283397347,0.025894987556819963,962,713,21.0,1584,-0.02171887898957861,0.5739856801909308,2025-07-01,16.979999542236328,17.479999542236328,16.510000228881836,16.829999923706055,0.0,0.006637850384889699,-0.008833900033811069,0.05712599172583604,0,0.008833900033811069,0.012068945258445452,0.02459648300604304,-0.008833900033811069,0.014466532182685121,-0.18419774074868844,17.22142846243722,-0.022729156270917716
2025-07-02,0.0761104693096324,0.38237724621834773,0.8719337177711198,0.03475123437739481,1010,744,17.0,1706,0.01333024903909022,0.5754985754985755,2025-07-02,16.75,17.3700008392334,16.540000915527344,16.6299991607666,0.0,-0.011339873133044602,-0.0071642292079640854,0.04955223425110774,0,0.0071642292079640854,0.01425264338173605,0.016839132024891998,-0.0071642292079640854,0.018995065670295075,-0.1622166830640993,16.76142828805106,-0.007841165145702579
2025-07-03,0.06579214161114984,0.3867852673903926,0.8661559066558235,0.02749744365955221,1099,799,22.0,1885,-0.010318327698482566,0.5787256450763559,2025-07-03,16.649999618530273,16.829999923706055,16.170000076293945,16.3799991607666,0.0,-0.014808490302023896,-0.016216244081061745,0.039639631383389114,0,0.016216244081061745,0.010738124440945629,0.013579668495942202,-0.016216244081061745,-0.020920525466012085,-0.06292908525608554,16.604285376412527,-0.013507730718994903
2025-07-04,0.06993979989161811,0.3957244848721264,0.875946809705438,0.030842973322597975,495,310,2.0,776,0.004147658280468272,0.6141439205955335,2025-07-04,16.93000030517578,17.670000076293945,16.920000076293945,17.479999542236328,0.0,0.0664459904963197,0.032486664332333354,0.04430005826820408,1,0.032486664332333354,0.018622379207119722,0.013839001284281708,0.032486664332333354,0.03862148671876753,0.043582062223064266,16.70857102530343,0.04616962849573711
