Datetime,Close,High,Low,Open,Volume,price_change,price_change_abs,volatility_24h,volume_ma_24h,price_ma_24h,momentum_1h,momentum_6h,momentum_24h,price_up,strong_move,hour,day_of_week,is_weekend,us_market_hours,extended_hours,daily_return,daily_range,volatility_3d,volatility_7d
2025-05-15 13:30:00+00:00,18999.015625,19067.158203125,18975.099609375,19026.6796875,0.0,,,,,,,,,0.0,0.0,13.0,3.0,0.0,1.0,1.0,-0.0014539616451405613,0.0048383950989872365,,
2025-05-15 14:30:00+00:00,19102.341796875,19112.84375,18968.197265625,18998.71484375,1361019000.0,0.005438501336829216,0.0054385013368292,,,,0.0054385013368292,,,1.0,0.0,14.0,3.0,0.0,1.0,1.0,0.005454419100305099,0.007613487836656715,,
2025-05-15 15:30:00+00:00,19135.42578125,19150.294921875,19081.193359375,19101.193359375,913742000.0,0.0017319334313457002,0.0017319334313457,,,,0.0017319334313457,,,1.0,0.0,15.0,3.0,0.0,1.0,1.0,0.001792161423160427,0.003617656823838416,,
2025-05-15 16:30:00+00:00,19199.087890625,19207.0234375,19124.53125,19134.09765625,812662000.0,0.0033269241093856206,0.0033269241093856,,,,0.0033269241093856,,,1.0,0.0,16.0,3.0,0.0,1.0,1.0,0.0033965664617464446,0.004311266148108875,0.0018592740199897503,
2025-05-15 17:30:00+00:00,19108.517578125,19199.41796875,19078.87109375,19199.41796875,770652000.0,-0.004717427880739367,0.0047174278807393,,,,-0.0047174278807393,,,0.0,0.0,17.0,3.0,0.0,0.0,1.0,-0.004734538868467489,0.006278673405423463,0.004259300716038602,
2025-05-15 18:30:00+00:00,19025.341796875,19133.458984375,19013.98046875,19109.267578125,752041000.0,-0.0043528118238338465,0.0043528118238338,,,,-0.0043528118238338,,,0.0,0.0,18.0,3.0,0.0,0.0,1.0,-0.004391888956857382,0.0062523859240827704,0.004542812781635834,
2025-05-15 19:30:00+00:00,19101.48046875,19106.75390625,19031.404296875,19031.509765625,618979000.0,0.004001960789346004,0.004001960789346,,,,0.004001960789346,0.0053931659288268,,1.0,0.0,19.0,3.0,0.0,0.0,1.0,0.003676571327587585,0.003959202937808833,0.004932256229267807,
2025-05-16 13:30:00+00:00,19133.353515625,19170.681640625,19115.46484375,19152.244140625,0.0,0.0016686165727910485,0.001668616572791,,,,0.001668616572791,0.00162345114959,,1.0,0.0,13.0,4.0,0.0,1.0,1.0,-0.0009863400268551265,0.0028830457918963275,0.004310922573080136,0.004009356258691869
2025-05-16 14:30:00+00:00,19108.611328125,19131.564453125,19039.80078125,19131.564453125,1518319000.0,-0.0012931443241142038,0.0012931443241142,,,,-0.0012931443241142,-0.0014012990059136,,0.0,0.0,14.0,4.0,0.0,1.0,1.0,-0.001199751596699703,0.0047964541582489915,0.002653760256879532,0.003552514738453348
2025-05-16 15:30:00+00:00,19146.203125,19157.15234375,19110.53125,19110.53125,1021685000.0,0.0019672699512010006,0.001967269951201,,,,0.001967269951201,-0.002754545732916,,1.0,0.0,15.0,4.0,0.0,1.0,1.0,0.0018666082346611899,0.0024395498555279567,0.0018023837316894105,0.003572118854364839
2025-05-16 16:30:00+00:00,19170.513671875,19172.330078125,19131.986328125,19146.419921875,687523000.0,0.001269732004632207,0.0012697320046322,,,,0.0012697320046322,0.0032444219441163,,1.0,0.0,16.0,4.0,0.0,1.0,1.0,0.0012583945248413058,0.0021071171615695532,0.001716837961196459,0.00333798576770754
2025-05-16 17:30:00+00:00,19174.6015625,19185.8828125,19151.044921875,19170.533203125,677803000.0,0.00021323845020382315,0.0002132384502038,,,,0.0002132384502038,0.007845313225832,,1.0,0.0,17.0,4.0,0.0,0.0,1.0,0.00021221941674198265,0.0018172624754809145,0.0008831161044791489,0.0026839663934551707
2025-05-16 18:30:00+00:00,19198.896484375,19213.310546875,19170.7109375,19173.05859375,803429000.0,0.0012670365950400164,0.00126703659504,,,,0.00126703659504,0.0050999196520067,,1.0,0.0,18.0,4.0,0.0,0.0,1.0,0.0013476144402658108,0.0022218473472399728,0.0006091902310775367,0.0016221984241771533
2025-05-16 19:30:00+00:00,19211.619140625,19211.619140625,19170.8671875,19198.376953125,739322000.0,0.0006626764335311286,0.0006626764335311,,,,0.0006626764335311,0.0040905335771945,,1.0,0.0,19.0,4.0,0.0,0.0,1.0,0.0006897555732097714,0.0021226769963159117,0.0005287936326735586,0.0011027793860781015
2025-05-19 13:30:00+00:00,19098.298828125,19157.4765625,18950.365234375,18953.701171875,0.0,-0.005898530033857097,0.005898530033857,,,,-0.005898530033857,-0.0005396781494436,,0.0,0.0,13.0,0.0,0.0,1.0,1.0,0.007628993141696537,0.010927223461364273,0.00397408326170284,0.002694696550050997
2025-05-19 14:30:00+00:00,19105.92578125,19130.591796875,19081.0078125,19098.140625,1387974000.0,0.00039935248650357913,0.0003993524865035,,,,0.0003993524865035,-0.0021036726439723,,1.0,0.0,14.0,0.0,0.0,1.0,1.0,0.00040763948715557223,0.0025962728701501535,0.003714433425818798,0.002662156744434901
2025-05-19 15:30:00+00:00,19165.6484375,19168.396484375,19103.71484375,19106.412109375,924131000.0,0.0031258708389105827,0.0031258708389105,,,,0.0031258708389105,-0.0002537873767116,,1.0,0.0,15.0,0.0,0.0,1.0,1.0,0.003100337613671294,0.0033853368311501284,0.004628481350628354,0.002836402948130182
2025-05-19 16:30:00+00:00,19207.806640625,19227.126953125,19144.458984375,19165.705078125,936324000.0,0.0021996752816624277,0.0021996752816624,,,,0.0021996752816624,0.0017317219352259,,1.0,0.0,16.0,0.0,0.0,1.0,1.0,0.0021967134696261764,0.004313327811996546,0.0013864164058852732,0.0029182683107824643
2025-05-19 17:30:00+00:00,19156.580078125,19222.79296875,19147.890625,19207.623046875,1001278000.0,-0.002666965752958772,0.0026669657529587,,,,-0.0026669657529587,-0.0022041061726875,,0.0,0.0,17.0,0.0,0.0,0.0,1.0,-0.002657432865348973,0.003899615458258709,0.0031117784023027124,0.003125179379926418
2025-05-19 18:30:00+00:00,19157.421875,19194.40234375,19147.90625,19156.69140625,865859000.0,4.3942962238974204e-05,4.394296223897421e-05,,,,4.394296223897421e-05,-0.0028210670442864,,1.0,0.0,18.0,0.0,0.0,0.0,1.0,3.813125839473927e-05,0.0024271463565378694,0.002438592587778207,0.0030677082810176485
2025-05-19 19:30:00+00:00,19218.197265625,19220.314453125,19156.240234375,19157.21484375,739425000.0,0.003172420121118291,0.0031724201211182,,,,0.0031724201211182,0.0062779642615828,,1.0,0.0,19.0,0.0,0.0,0.0,1.0,0.0031832613650984547,0.0033446520943989973,0.002922180201554298,0.003334678748164084
2025-05-20 13:30:00+00:00,19112.126953125,19155.65625,19072.078125,19134.55859375,0.0,-0.00551926442599926,0.0055192644259992,,,,-0.0055192644259992,0.0003245679872307,,0.0,0.0,13.0,1.0,0.0,1.0,1.0,-0.0011723103261094792,0.004367914973868249,0.004402310492699263,0.003223064014636609
2025-05-20 14:30:00+00:00,19140.123046875,19159.490234375,19104.34375,19110.544921875,1131591000.0,0.0014648340197123133,0.0014648340197123,,,,0.0014648340197123,-0.0013318302643523,,1.0,0.0,14.0,1.0,0.0,1.0,1.0,0.0015477384407884267,0.002885657347838169,0.004605049070670651,0.0032640230358444437
2025-05-20 15:30:00+00:00,19148.6640625,19160.841796875,19115.658203125,19140.7421875,788537000.0,0.00044623619211248133,0.0004462361921124,,768845625.0,19138.575113932293,0.0004462361921124,-0.003079090665142,,1.0,0.0,15.0,1.0,0.0,1.0,1.0,0.00041387501709173207,0.0023605977922584146,0.003772761372842477,0.003019910647447554
2025-05-20 16:30:00+00:00,19167.42578125,19186.205078125,19148.2890625,19148.46875,623505000.0,0.0009797925687538012,0.0009797925687538,0.0030221981330839,794825000.0,19145.592203776043,0.0009797925687538,0.000566160717663,0.0088641516789109,1.0,0.0,16.0,1.0,0.0,1.0,1.0,0.000990002464296264,0.001980106927610073,0.0005094914377091601,0.0028962205227813518
2025-05-20 17:30:00+00:00,19072.943359375,19168.65234375,19067.353515625,19167.611328125,680616000.0,-0.004929322432406402,0.0049293224324064,0.0030074818248578,766474875.0,19144.367268880207,-0.0049293224324064,-0.0044097016903533,-0.0015389965174222,0.0,1.0,17.0,1.0,0.0,0.0,1.0,-0.004938954944849695,0.005284895775007828,0.0032685101863497014,0.003302500337623437
2025-05-20 18:30:00+00:00,19087.28515625,19099.060546875,19019.486328125,19070.220703125,727080000.0,0.0007519446057575596,0.0007519446057575,0.0029886911677657,758697291.6666666,19142.361409505207,0.0007519446057575,-0.0068118829027298,-0.0025157854102818,1.0,0.0,18.0,1.0,0.0,0.0,1.0,0.0008948220049809744,0.004172695218831963,0.003347794048576526,0.0033368929774876353
2025-05-20 19:30:00+00:00,19144.669921875,19147.4296875,19089.92578125,19089.966796875,661227000.0,0.003006439373396619,0.0030064393733966,0.0029733875715023,752387500.0,19140.093994140625,0.0030064393733966,0.00170273925188,-0.0028344038560588,1.0,1.0,19.0,1.0,0.0,0.0,1.0,0.002865543223938704,0.003012258054813029,0.004089332815482298,0.0033067435145027724
2025-05-21 13:30:00+00:00,19094.576171875,19123.291015625,19002.330078125,19002.330078125,0.0,-0.002616589902276756,0.0026165899022767,0.0028607642645482,720277000.0,19139.513102213543,-0.0026165899022767,-0.002379654241953,-0.0007295911989509,0.0,0.0,13.0,2.0,0.0,1.0,1.0,0.004854462235459817,0.0063655844837285066,0.0028298477469117706,0.0027061307318485234
2025-05-21 14:30:00+00:00,19211.34375,19222.828125,19081.5703125,19096.66015625,1253161000.0,0.006115222305745238,0.0061152223057452,0.0029684497372852,741157000.0,19147.26318359375,0.0061152223057452,0.0032733190835358,0.0097765367429851,1.0,1.0,14.0,2.0,0.0,1.0,1.0,0.006005426750628228,0.007396990434150278,0.00442582448047261,0.003589127230277971
2025-05-21 15:30:00+00:00,19220.12890625,19240.505859375,19187.240234375,19210.591796875,821564000.0,0.00045729004510675075,0.0004572900451067,0.002868443388517,749598041.6666666,19152.206868489586,0.0004572900451067,0.0027496193595049,0.0062114786178018,1.0,0.0,15.0,2.0,0.0,1.0,1.0,0.0004964505766319707,0.0027727217132719854,0.004429173734702334,0.003589083459380854
2025-05-21 16:30:00+00:00,18915.66796875,19241.373046875,18915.66796875,19219.4140625,898271000.0,-0.015840733378275962,0.0158407333782759,0.0043428517901847,787026000.0,19143.136637369797,-0.0158407333782759,-0.0082459947403814,-0.0113772813896544,0.0,1.0,16.0,2.0,0.0,1.0,1.0,-0.015804128719129625,0.01694667054187152,0.011399574224313586,0.007128959513519295
2025-05-21 17:30:00+00:00,18946.4609375,19026.779296875,18885.77734375,18904.099609375,813449000.0,0.0016279080813255131,0.0016279080813255,0.0043596082081594,757656416.6666666,19136.38037109375,0.0016279080813255,-0.0073779072087624,-0.0084857234176058,1.0,0.0,17.0,2.0,0.0,0.0,1.0,0.0022408540475523093,0.007458802907231494,0.009765153596163244,0.007089918357569227
2025-05-21 18:30:00+00:00,18821.84375,18982.12109375,18799.203125,18945.119140625,769807000.0,-0.006577333250314288,0.0065773332503142,0.0045088362705621,747161500.0,19122.865397135414,-0.0065773332503142,-0.0168624569236439,-0.0169411853035482,0.0,1.0,18.0,2.0,0.0,0.0,1.0,-0.006506973627875171,0.009655150088645235,0.008739660573932282,0.007337291582990238
2025-05-21 19:30:00+00:00,18872.228515625,18926.107421875,18821.5234375,18821.5234375,650616000.0,0.0026769303950362477,0.0026769303950362,0.0045445978527231,745623708.3333334,19110.43684895833,0.0026769303950362,-0.0116445452493207,-0.0155595807893041,1.0,0.0,19.0,2.0,0.0,0.0,1.0,0.002693994367319662,0.005556616323980815,0.0050673436292724685,0.0073009706047951145
2025-05-22 13:30:00+00:00,18964.17578125,19043.384765625,18841.42578125,18889.50390625,0.0,0.004872093698360613,0.0048720936983606,0.0046802477891857,717381916.6666666,19101.66910807292,0.0048720936983606,-0.0128657303708908,-0.0109741931567189,1.0,1.0,13.0,3.0,0.0,1.0,1.0,0.003953088200230245,0.010691598115934507,0.00607658778974628,0.007735153642214163
2025-05-22 14:30:00+00:00,18943.4375,18991.423828125,18908.8671875,18964.830078125,1091895000.0,-0.001093550359858142,0.0010935503598581,0.0046674004606545,729401333.3333334,19091.02498372396,-0.0010935503598581,-0.0143959183416312,-0.0133059201909289,0.0,0.0,14.0,3.0,0.0,1.0,1.0,-0.0011280131715851907,0.004353144229867107,0.0030172884096113946,0.007090330560932701
2025-05-22 15:30:00+00:00,18999.5859375,19041.171875,18939.69140625,18940.85546875,789982000.0,0.002964004684999688,0.0029640046849996,0.0047167224436203,731512166.6666666,19082.19026692708,0.0029640046849996,0.0044364263999896,-0.0110367169770002,1.0,0.0,15.0,3.0,0.0,1.0,1.0,0.003100729470582667,0.005357755298720792,0.0030466775798761656,0.007294453632635579
2025-05-22 16:30:00+00:00,18993.888671875,19001.8046875,18934.765625,18998.46875,653807000.0,-0.000299862620361413,0.0002998626203614,0.0045718406759355,758754125.0,19077.83984375,-0.0002998626203614,0.0025032503184343,-0.005466987253139,0.0,0.0,16.0,3.0,0.0,1.0,1.0,-0.00024107617225730364,0.003528656092349548,0.0021504465798559023,0.0037505863721126694
2025-05-22 17:30:00+00:00,19018.28515625,19033.984375,18980.095703125,18994.171875,636881000.0,0.001284438631628193,0.0012844386316281,0.0045806010956934,727458583.3333334,19074.188151041668,0.0012844386316281,0.0104368843381774,-0.004587091251344,1.0,0.0,17.0,3.0,0.0,0.0,1.0,0.0012695094794702652,0.0028371161548731644,0.001632165349655623,0.003737054804492782
2025-05-22 18:30:00+00:00,19049.375,19060.939453125,19003.9609375,19017.45703125,636085000.0,0.0016347343356444277,0.0016347343356444,0.0045437553122791,715456666.6666666,19069.343424479168,0.0016347343356444,0.0093866224769552,-0.0060667625141498,1.0,0.0,18.0,3.0,0.0,0.0,1.0,0.0016783510380778844,0.002996116438247835,0.0010308073631459169,0.002024510331027936
2025-05-22 19:30:00+00:00,18916.326171875,19052.54296875,18916.326171875,19050.69140625,621553000.0,-0.0069844196003805425,0.0069844196003805,0.0047126401705227,702341208.3333334,19057.19840494792,-0.0069844196003805,-0.002523157870236,-0.0151751042793981,0.0,1.0,19.0,3.0,0.0,0.0,1.0,-0.007053037158059183,0.007150228512457614,0.0048782944101773505,0.0037882535017015454
2025-05-23 13:30:00+00:00,18714.724609375,18752.466796875,18607.65234375,18623.150390625,0.0,-0.01065754315442835,0.0106575431544283,0.0051271169087804,660621291.6666666,19038.787760416668,-0.0106575431544283,-0.0120734629406621,-0.0230654671631371,0.0,1.0,13.0,4.0,0.0,1.0,1.0,0.004917224896390193,0.0077760448735838174,0.00630980370942902,0.00503400275552347
2025-05-23 14:30:00+00:00,18729.119140625,18751.9921875,18671.49609375,18714.59765625,1035995000.0,0.0007691553870254886,0.0007691553870254,0.0051354163161555,667710291.6666666,19020.941813151043,0.0007691553870254,-0.0142354048011736,-0.022357013233285,1.0,0.0,14.0,4.0,0.0,1.0,1.0,0.0007759442463968948,0.004301246290652538,0.005833512396573959,0.005130737503227817
2025-05-23 15:30:00+00:00,18738.201171875,18766.107421875,18700.451171875,18731.01953125,834120000.0,0.0004849150235954891,0.0004849150235954,0.0050709928081854,671655916.6666666,19000.941975911457,0.0004849150235954,-0.0134615667395485,-0.024976124821476,1.0,0.0,15.0,4.0,0.0,1.0,1.0,0.00038340895502342895,0.003505214966567198,0.006516704258934321,0.004839458712286905
2025-05-23 16:30:00+00:00,18828.34765625,18828.48828125,18712.685546875,18738.001953125,777930000.0,0.004810839821183244,0.0048108398211832,0.0051125846947729,704069666.6666666,18989.117838541668,0.0048108398211832,-0.0099870991753208,-0.0148481274518009,1.0,0.0,16.0,4.0,0.0,1.0,1.0,0.004821522772332337,0.006180100453863342,0.002419698018482901,0.005476464695458108
2025-05-23 17:30:00+00:00,18798.263671875,18841.51953125,18778.44921875,18825.59375,801059000.0,-0.001597802681586491,0.0015978026815864,0.0050967286940831,690297500.0,18974.873697916668,-0.0015978026815864,-0.0131821294989993,-0.0178608765556402,0.0,0.0,17.0,4.0,0.0,0.0,1.0,-0.0014517511897865108,0.0033502429372247555,0.003269098681139542,0.005362472728208789
2025-05-23 18:30:00+00:00,18771.865234375,18820.466796875,18753.505859375,18797.3515625,627007000.0,-0.0014043019057923267,0.0014043019057923,0.0050920276910073,683567083.3333334,18959.173746744797,-0.0014043019057923,-0.0076368390028496,-0.0196775517547935,0.0,0.0,18.0,4.0,0.0,0.0,1.0,-0.001355846755339952,0.003562253824819903,0.003645456714984018,0.00517198796180163
2025-05-23 19:30:00+00:00,18740.8203125,18806.640625,18725.380859375,18769.080078125,574204000.0,-0.0016538005939947809,0.0016538005939947,0.0050800257188715,681512875.0,18941.398518880207,-0.0016538005939947,0.0013943941826388,-0.0222567951282908,0.0,0.0,19.0,4.0,0.0,0.0,1.0,-0.0015056553388536186,0.0043294485018318335,0.00013091212818885556,0.004700973145901996
2025-05-27 13:30:00+00:00,19105.62890625,19118.3125,18964.609375,19020.71875,0.0,0.01946598855689774,0.0194659885568977,0.0064891634024987,653153875.0,18942.760416666668,0.0194659885568977,0.0201029083534589,0.0017137127846045,1.0,1.0,13.0,1.0,0.0,1.0,1.0,0.0044640876807034435,0.008080826335755582,0.01212213380123747,0.007614717465904506
2025-05-27 14:30:00+00:00,19122.78125,19128.671875,19085.791015625,19107.818359375,1144793000.0,0.0008977638911633612,0.0008977638911633,0.006489876890003,670558583.3333334,18944.23942057292,0.0008977638911633,0.0205238525618047,0.0018596722089823,1.0,0.0,14.0,1.0,0.0,1.0,1.0,0.000783076871654406,0.002244152554127723,0.011527755941908675,0.007608640833518797
2025-05-27 15:30:00+00:00,19146.453125,19155.8046875,19104.275390625,19121.18359375,797344000.0,0.0012378887093109636,0.0012378887093109,0.0064654064223596,676230125.0,18944.313720703125,0.0012378887093109,0.0168950284197884,9.314358159606684e-05,1.0,0.0,15.0,1.0,0.0,1.0,1.0,0.0013215463951854773,0.0026948800853438277,0.010623545203796924,0.007572385194433151
2025-05-27 16:30:00+00:00,19180.740234375,19191.080078125,19146.029296875,19146.029296875,755565000.0,0.0017907812559929681,0.0017907812559929,0.0064497202135174,707712000.0,18947.90388997396,0.0017907812559929,0.0203463771535581,0.0045124888724639,1.0,0.0,16.0,1.0,0.0,1.0,1.0,0.0018129575047535049,0.002353009104470197,0.00045071333720075386,0.007545186533821051
2025-05-27 17:30:00+00:00,19184.404296875,19210.884765625,19174.78125,19178.83984375,627975000.0,0.00019102821138439197,0.0001910282113843,0.0063259697347201,681662583.3333334,18946.781412760414,0.0001910282113843,0.0219764555812258,-0.0014022680284923,1.0,0.0,17.0,1.0,0.0,0.0,1.0,0.00029013502226065796,0.0018824660886234688,0.0008124876280114634,0.007405282965845472
2025-05-27 18:30:00+00:00,19163.8203125,19188.9921875,19157.462890625,19183.6328125,656116000.0,-0.0010729540545781902,0.0010729540545781,0.0063284580236908,674768916.6666666,18944.435221354168,-0.0010729540545781,0.0225710504100966,-0.0029296678510667,0.0,0.0,18.0,1.0,0.0,0.0,1.0,-0.0010327814441428546,0.0016435519373815162,0.0014351446443601986,0.007373936369323169
2025-05-27 19:30:00+00:00,19197.8515625,19197.8515625,19145.564453125,19163.5703125,667819000.0,0.0017758071952804766,0.0017758071952804,0.0053732881072044,665166750.0,18956.19287109375,0.0017758071952804,0.0048269887739644,0.0149179819722036,1.0,0.0,19.0,1.0,0.0,0.0,1.0,0.0017888759474866253,0.0027284638781998887,0.0014273878388606164,0.007124494365176916
2025-05-28 13:30:00+00:00,19174.75390625,19273.05859375,19162.87109375,19237.71875,0.0,-0.0012031375581170733,0.001203137558117,0.0053815189246725,631273041.6666666,18965.705078125,-0.001203137558117,0.0027178398147498,0.0120493726772026,0.0,0.0,13.0,2.0,0.0,1.0,1.0,-0.0032729890985645064,0.005727680159582331,0.001683572602487783,0.001255976390575619
2025-05-28 14:30:00+00:00,19177.46484375,19190.10546875,19147.763671875,19173.99609375,1068816000.0,0.00014138056286161493,0.0001413805628616,0.0051671274513151,643731750.0,18980.52262369792,0.0001413805628616,0.0016197108961923,0.0188940625835341,1.0,0.0,14.0,2.0,0.0,1.0,1.0,0.0001809090803523571,0.0022082927663056025,0.0014918216626100158,0.0012502562627880257
2025-05-28 15:30:00+00:00,19184.5703125,19189.48828125,19154.53515625,19177.03125,839408000.0,0.00037051136883281544,0.0003705113688328,0.0051519902557249,651598083.3333334,18993.53686523437,0.0003705113688328,0.0001996835407913,0.0165503399143562,1.0,0.0,15.0,2.0,0.0,1.0,1.0,0.00039312980209071723,0.001822655683475512,0.0008501569315108598,0.0011961915235871603
2025-05-28 16:30:00+00:00,19199.048828125,19204.640625,19169.23828125,19182.05859375,608783000.0,0.0007546958513615643,0.0007546958513615,0.0050748880645808,676964041.6666666,19003.3232421875,0.0007546958513615,0.000763356058566,0.0123850912153651,1.0,0.0,16.0,2.0,0.0,1.0,1.0,0.0008857357145460836,0.001845596684890483,0.00030990705218630546,0.0010315570816026112
2025-05-28 17:30:00+00:00,19197.853515625,19217.5625,19180.052734375,19198.3203125,538832000.0,-6.225894369560336e-05,6.225894369560336e-05,0.0050649414470475,653919750.0,19013.923909505207,-6.225894369560336e-05,0.0017759091125897,0.0134302982563223,0.0,0.0,17.0,2.0,0.0,0.0,1.0,-2.431446435947155e-05,0.001953804552400214,0.00040871811744952214,0.0010337762090805963
2025-05-28 18:30:00+00:00,19182.517578125,19224.064453125,19136.525390625,19198.31640625,642154000.0,-0.0007988360515157611,0.0007988360515157,0.0050457593611158,647760250.0,19021.54606119792,-0.0007988360515157,-0.0007987343961421,0.0096281909104105,0.0,0.0,18.0,2.0,0.0,0.0,1.0,-0.0008229277917232733,0.004559726001364459,0.0007771124271074947,0.0009860014702913042
2025-05-28 19:30:00+00:00,19103.412109375,19183.271484375,19085.404296875,19181.98046875,656139000.0,-0.004123831422430668,0.0041238314224306,0.0051288883949039,647857416.6666666,19026.109537760414,-0.0041238314224306,-0.0037206108210726,0.005766246153805,0.0,0.0,19.0,2.0,0.0,0.0,1.0,-0.0040959461669246465,0.005102037699362622,0.0021638896711088157,0.0016513752452812823
2025-05-29 13:30:00+00:00,19218.26171875,19386.08203125,19158.833984375,19385.89453125,0.0,0.00601199454408663,0.0060119945440866,0.0052593832489603,621320708.3333334,19034.44189453125,0.0060119945440866,0.002127334104502,0.0105149628821441,1.0,1.0,13.0,3.0,0.0,1.0,1.0,-0.008647153848370342,0.011722339998738613,0.005166849066277009,0.002993530833772471
2025-05-29 14:30:00+00:00,19261.29296875,19275.357421875,19201.21484375,19215.6171875,1343367000.0,0.002239081277471522,0.0022390812774715,0.0052667482572441,650790791.6666666,19043.271809895832,0.0022390812774715,0.0039991855433951,0.0111246678040617,1.0,0.0,14.0,3.0,0.0,1.0,1.0,0.002377013488784147,0.0038584541626500903,0.005122767815798788,0.0030756449101944075
2025-05-29 15:30:00+00:00,19192.83203125,19263.8515625,19093.345703125,19261.90234375,1096304000.0,-0.0035543271996886228,0.0035543271996886,0.0050994280875844,670572083.3333334,19054.792887369797,-0.0035543271996886,-0.0003238075453974,0.01461731294241,0.0,0.0,15.0,3.0,0.0,1.0,1.0,-0.003585851037315199,0.008851974033100882,0.004818591910611415,0.003463555026996631
2025-05-29 16:30:00+00:00,19185.52734375,19233.494140625,19181.404296875,19190.60546875,815891000.0,-0.000380594561975367,0.0003805945619753,0.0045087872694211,704567541.6666666,19074.40966796875,-0.0003805945619753,-0.0006420598982572,0.0251568080322781,0.0,0.0,16.0,3.0,0.0,1.0,1.0,-0.0002646151528814046,0.002714340818210408,0.002901116513307111,0.003452529615158371
2025-05-29 17:30:00+00:00,19105.9921875,19197.162109375,19096.1640625,19185.447265625,680966000.0,-0.0041455809280066536,0.0041455809280066,0.0046318107454398,689774666.6666666,19090.112711588543,-0.0041455809280066,-0.003989329884012,0.0201223049544028,0.0,0.0,17.0,3.0,0.0,0.0,1.0,-0.004141424331939421,0.0052643050472928245,0.0020247338163874723,0.0037757905587901524
2025-05-29 18:30:00+00:00,19138.119140625,19166.68359375,19104.720703125,19104.720703125,767127000.0,0.0016815118947874907,0.0016815118947874,0.0046342548016078,686983291.6666666,19106.775960286457,0.0016815118947874,0.0018167974941485,0.0213423884759149,1.0,0.0,18.0,3.0,0.0,0.0,1.0,0.001748177218551902,0.0032433287870502394,0.002954725484735812,0.0038776647792706158
2025-05-29 19:30:00+00:00,19175.7109375,19198.01171875,19136.6796875,19138.560546875,636431000.0,0.0019642367465046995,0.0019642367465046,0.0045654728926069,681087500.0,19121.249430338543,0.0019642367465046,-0.0022140806422927,0.0184489519522279,1.0,0.0,19.0,3.0,0.0,0.0,1.0,0.0019411277318380155,0.0032046313566677547,0.0034487876160328424,0.0035526185395479038
2025-05-30 13:30:00+00:00,19122.361328125,19124.251953125,19002.955078125,19118.591796875,0.0,-0.0027821450557365957,0.0027821450557365,0.0045984815487635,647710041.6666666,19134.75349934896,-0.0027821450557365,-0.0072129965963555,0.0172408293610062,0.0,0.0,13.0,4.0,0.0,1.0,1.0,0.00019716573741671408,0.006344446091465083,0.0026624646140492943,0.0027647679099574427
2025-05-30 14:30:00+00:00,19107.787109375,19134.1640625,19069.07421875,19113.46484375,863861000.0,-0.0007621558080572743,0.0007621558080572,0.0045874234299846,657578958.3333334,19148.750244140625,-0.0007621558080572,-0.0044310772759605,0.0178949651942343,0.0,0.0,14.0,4.0,0.0,1.0,1.0,-0.0002970541668616713,0.0034054445011462184,0.0023819359470452625,0.002445261090418865
2025-05-30 15:30:00+00:00,18947.486328125,19111.99609375,18934.548828125,19104.66796875,851273000.0,-0.008389290729084453,0.0083892907290844,0.0049337833348645,669123500.0,19157.361328125,-0.0083892907290844,-0.0124073220068431,0.0110275864225193,0.0,1.0,15.0,4.0,0.0,1.0,1.0,-0.00822739452379419,0.0092881627629046,0.003951658433840067,0.0036345747899153196
2025-05-30 16:30:00+00:00,18931.513671875,18940.384765625,18850.357421875,18932.708984375,843467000.0,-0.000842996056225731,0.0008429960562257,0.0028246343859235,704267958.3333334,19150.106526692707,-0.0008429960562257,-0.0091321358196279,-0.0091132951042528,0.0,0.0,16.0,4.0,0.0,1.0,1.0,-6.313478440863803e-05,0.004755122144659741,0.0043803783234421705,0.0036079340387229963
2025-05-30 17:30:00+00:00,19031.75,19034.49609375,18929.388671875,18936.650390625,541665000.0,0.005294681125995293,0.0052946811259952,0.0030449472998887,679137625.0,19146.313557942707,0.0052946811259952,-0.0055579725386497,-0.0047603561851129,1.0,1.0,17.0,4.0,0.0,0.0,1.0,0.005021986856877345,0.005550475913471778,0.00685405877580804,0.004321055220417802
2025-05-30 18:30:00+00:00,19116.44921875,19118.75390625,19011.599609375,19029.9609375,636705000.0,0.004450416737819651,0.0044504167378196,0.0031783353519778,672444333.3333334,19145.063395182293,0.0044504167378196,-0.0030904574512597,-0.0015670738624076,1.0,1.0,18.0,4.0,0.0,0.0,1.0,0.004544848070579493,0.005630820642613313,0.0033267622537652025,0.004671677407560068
2025-05-30 19:30:00+00:00,19100.236328125,19151.443359375,19087.38671875,19090.771484375,713997000.0,-0.0008481120337503478,0.0008481120337503,0.0031570810467396,670712333.3333334,19141.709065755207,-0.0008481120337503,-0.001157022379211,-0.0041971219705965,0.0,0.0,19.0,4.0,0.0,0.0,1.0,0.0004957811033329156,0.003355372027653659,0.0033296921104839544,0.004579319783563489
2025-06-02 13:30:00+00:00,19103.3828125,19189.615234375,18989.197265625,19077.125,0.0,0.0001647353635287896,0.0001647353635287,0.0031569547150936,644546708.3333334,19138.33317057292,0.0001647353635287,-0.0002304974851242,-0.0042232994635229,1.0,0.0,13.0,0.0,0.0,1.0,1.0,0.0013764030219438202,0.010505669420837783,0.0028126894554048516,0.004474627183279045
2025-06-02 14:30:00+00:00,19105.85546875,19141.5,19086.2734375,19104.41796875,973876000.0,0.000129435518005927,0.0001294355180059,0.0031515639407234,657786708.3333334,19135.91796875,0.0001294355180059,0.0083583192980021,-0.0030247019020623,1.0,0.0,14.0,0.0,0.0,1.0,1.0,7.524437553404593e-05,0.0028907744057074494,0.0005748485518252855,0.004466423668146333
2025-06-02 15:30:00+00:00,19151.38671875,19166.423828125,19094.896484375,19107.8359375,739187000.0,0.0023831044924669254,0.0023831044924669,0.003169844403112,660760375.0,19133.98193359375,0.0023831044924669,0.0116141292601261,-0.0024203147731781,1.0,0.0,15.0,0.0,0.0,1.0,1.0,0.002279210549664057,0.003743351365584227,0.001291086849503665,0.0025344768066556523
2025-06-02 16:30:00+00:00,19171.634765625,19189.228515625,19142.89453125,19151.04296875,672288000.0,0.0010572627022968906,0.0010572627022968,0.003169103811941,688772375.0,19133.851969401043,0.0010572627022968,0.007350073725485,-0.000162669134647,1.0,0.0,16.0,0.0,0.0,1.0,1.0,0.0010752310936068062,0.00241939744224929,0.0011326770342069193,0.002331180176680356
2025-06-02 17:30:00+00:00,19216.689453125,19220.138671875,19154.5390625,19172.359375,713150000.0,0.0023500701974974447,0.0023500701974974,0.0032053099994122,673952958.3333334,19135.486328125,0.0023500701974974,0.0052436638848536,0.0020453490435041,1.0,0.0,17.0,0.0,0.0,0.0,1.0,0.0023121868966635723,0.0034215720711212676,0.0007561193619233425,0.0018020373905061023
2025-06-02 18:30:00+00:00,19243.998046875,19248.375,19210.712890625,19223.16015625,623532000.0,0.0014210873218623021,0.0014210873218623,0.0032164607775906,664958125.0,19137.96248372396,0.0014210873218623,0.0075266984282447,0.0030976838890302,1.0,0.0,18.0,0.0,0.0,0.0,1.0,0.0010839992205040755,0.0019592048897722454,0.0006666744278721581,0.0012090339728422414
2025-06-02 19:30:00+00:00,19245.87890625,19245.87890625,19220.158203125,19236.62109375,618113000.0,9.773745405805556e-05,9.773745405805556e-05,0.0032137416778375,665346875.0,19139.913736979168,9.773745405805556e-05,0.007459207363879,0.0024391874068467,1.0,0.0,19.0,0.0,0.0,0.0,1.0,0.0004812598041455354,0.0013370696963697375,0.001131905976882215,0.0010110942569886068
2025-06-03 13:30:00+00:00,19336.2421875,19344.146484375,19224.966796875,19307.83984375,0.0,0.004695201590437792,0.0046952015904377,0.0033468484063557,642895541.6666666,19145.679931640625,0.0046952015904377,0.012058435128792,0.0072085492142319,1.0,1.0,13.0,1.0,0.0,1.0,1.0,0.0014710264835345584,0.006172605970655945,0.002366705009135593,0.0016009091998867276
2025-06-03 14:30:00+00:00,19383.67578125,19392.81640625,19309.931640625,19333.69140625,1040975000.0,0.0024530926583379298,0.0024530926583379,0.0033660018275747,659513083.3333334,19154.0615234375,0.0024530926583379,0.0121290988434052,0.0104865381880006,1.0,0.0,14.0,1.0,0.0,1.0,1.0,0.002585350823580517,0.00428706364880769,0.0022989645164373526,0.0014463350691046074
2025-06-03 15:30:00+00:00,19416.083984375,19419.642578125,19374.79296875,19380.150390625,751053000.0,0.0016719327897729563,0.0016719327897729,0.0032294603307975,663467833.3333334,19167.089518229168,0.0016719327897729,0.0127505672697405,0.0163673313023779,1.0,0.0,15.0,1.0,0.0,1.0,1.0,0.0018541442158974473,0.00231420337154327,0.0015693638543866466,0.0014452732976565623
2025-06-03 16:30:00+00:00,19449.70703125,19458.591796875,19422.515625,19422.515625,583680000.0,0.0017317110341126263,0.0017317110341126,0.0030346082643123,687787833.3333334,19176.733072916668,0.0017317110341126,0.0121257919421238,0.0120429888970756,1.0,0.0,16.0,1.0,0.0,1.0,1.0,0.001399994046857666,0.0018574407441106127,0.00043477496603084784,0.001396424206971256
2025-06-03 17:30:00+00:00,19393.669921875,19450.826171875,19359.76171875,19448.9375,622821000.0,-0.0028811287123741147,0.0028811287123741,0.0030868087900676,657765083.3333334,19182.248779296875,-0.0028811287123741,0.007777587309842,0.0068726929879407,0.0,0.0,17.0,1.0,0.0,0.0,1.0,-0.0028416759591622935,0.0046822328019204135,0.002646136586535105,0.0023138176195695694
2025-06-03 18:30:00+00:00,19407.88671875,19421.73046875,19398.669921875,19406.853515625,733674000.0,0.0007330637745341928,0.0007330637745341,0.0029767543239428,642655500.0,19191.209391276043,0.0007330637745341,0.0084177923642339,0.0112049481363587,1.0,0.0,18.0,1.0,0.0,0.0,1.0,5.323908505663421e-05,0.0011882681989861628,0.002426862659493248,0.0023230461796607273
2025-06-03 19:30:00+00:00,19415.705078125,19415.72265625,19369.416015625,19411.751953125,630101000.0,0.00040284444609040015,0.0004028444460904,0.0029713273720092,634914250.0,19200.80013020833,0.0004028444460904,0.0041095312033467,0.0119974671663107,1.0,0.0,19.0,1.0,0.0,0.0,1.0,0.00020364596712063417,0.002385495175129998,0.0019981621490266885,0.002301361163161157
2025-06-04 13:30:00+00:00,19451.52734375,19491.44921875,19360.287109375,19443.951171875,0.0,0.0018450149237876357,0.0018450149237876,0.0028113055397741,606540666.6666666,19215.197428385414,0.0018450149237876,0.0035004486902134,0.0180851720684813,1.0,0.0,13.0,2.0,0.0,1.0,1.0,0.00038964158097448166,0.006745651036437565,0.0007555721728096096,0.00178642502285127
2025-06-04 14:30:00+00:00,19462.384765625,19472.140625,19420.373046875,19451.361328125,969995000.0,0.0005581783724808442,0.0005581783724808,0.0028044808185489,614993500.0,19228.70849609375,0.0005581783724808,0.0023846611544975,0.0169434426976511,1.0,0.0,14.0,2.0,0.0,1.0,1.0,0.0005667180468269362,0.0026613858666101955,0.000791615713294495,0.0016408188333843182
2025-06-04 15:30:00+00:00,19419.623046875,19467.541015625,19412.890625,19442.73828125,719013000.0,-0.002197146920326354,0.0021971469203263,0.0028514312792494,618434416.6666666,19238.871500651043,-0.0021971469203263,-0.0015467577134536,0.0127198470069762,0.0,0.0,15.0,2.0,0.0,1.0,1.0,-0.001188887801739925,0.0028108381563569785,0.002065060053726172,0.0018500988208524053
2025-06-04 16:30:00+00:00,19465.322265625,19468.05859375,19407.361328125,19420.025390625,597875000.0,0.0023532495270217613,0.0023532495270217,0.0027839069746009,643345875.0,19253.161539713543,0.0023532495270217,0.0036946253101473,0.0179350725370708,1.0,0.0,16.0,2.0,0.0,1.0,1.0,0.002332482789742748,0.0031254987778904526,0.0022920226055853773,0.00195732707972906
2025-06-04 17:30:00+00:00,19473.552734375,19489.337890625,19457.734375,19464.884765625,531826000.0,0.00042282725339393146,0.0004228272533939,0.0027664742507368,629511083.3333334,19268.401774088543,0.0004228272533939,0.0033834706774931,0.0191422283965336,1.0,0.0,17.0,2.0,0.0,0.0,1.0,0.0004453131294826692,0.0016236168878231343,0.002283889323555985,0.0014454948767979585
2025-06-04 18:30:00+00:00,19479.873046875,19492.6953125,19473.541015625,19482.4296875,586869000.0,0.0003245587790892124,0.0003245587790892,0.0019643648832387,618494250.0,19290.584554036457,0.0003245587790892,0.0033049517641414,0.0280980130836534,1.0,0.0,18.0,2.0,0.0,0.0,1.0,-0.00013122801755267467,0.0009831575004882204,0.001143953160339746,0.00144692133102207
2025-06-04 19:30:00+00:00,19463.70703125,19484.119140625,19448.599609375,19479.0078125,0.0,-0.0008298830072506203,0.0008298830072506,0.0019637861134345,583349791.6666666,19312.75927734375,-0.0008298830072506,0.0006261558429196,0.0281115059576897,0.0,0.0,19.0,2.0,0.0,0.0,1.0,-0.0007855010582305551,0.0018234774374496904,0.0006966198781992261,0.0015371698201677405
2025-06-05 13:30:00+00:00,19489.146484375,19533.8046875,19399.4140625,19520.552734375,1540254913.0,0.0013070199363438562,0.0013070199363438,0.0017562722615357,624957704.7083334,19331.817464192707,0.0013070199363438,0.0013750482827401,0.0240333382045792,1.0,0.0,13.0,3.0,0.0,1.0,1.0,-0.0016088811842245997,0.006884570679361086,0.001069604284607504,0.0014617874241138855
2025-06-05 14:30:00+00:00,19602.642578125,19604.689453125,19413.947265625,19488.060546875,1076083000.0,0.005823553835002215,0.0058235538350022,0.0018910471801434,643265121.375,19352.07552083333,0.0058235538350022,0.0094244636370246,0.0254332461960626,1.0,1.0,14.0,3.0,0.0,1.0,1.0,0.00587960156293612,0.009787643415885547,0.003396901884117355,0.002567288809602649
2025-06-05 15:30:00+00:00,19552.966796875,19609.359375,19515.92578125,19602.205078125,804249000.0,-0.0025341369691367355,0.0025341369691367,0.0019931385868192,647025621.375,19370.939290364586,-0.0025341369691367,0.0045025985213087,0.0237028726227517,0.0,1.0,15.0,3.0,0.0,1.0,1.0,-0.002511874610726691,0.00476648384085456,0.004183390977182668,0.002640001340668319
2025-06-05 16:30:00+00:00,19472.59375,19557.654296875,19378.890625,19552.5390625,762312000.0,-0.0041105295022464405,0.0041105295022464,0.0022442587992721,678788621.375,19386.32307942708,-0.0041105295022464,-4.924547606077745e-05,0.0193269925606272,0.0,1.0,16.0,3.0,0.0,1.0,1.0,-0.004088743269835879,0.009142734419482764,0.005338882853610142,0.003159376570559217
2025-06-05 17:30:00+00:00,19417.537109375,19488.54296875,19342.162109375,19472.587890625,581137000.0,-0.0028273912213158114,0.0028273912213158,0.0023608221761518,662424496.375,19399.309814453125,-0.0028273912213158,-0.0032000176464188,0.0163134093176195,0.0,1.0,17.0,3.0,0.0,0.0,1.0,-0.002827091168324061,0.007517278144908232,0.0008383968156403009,0.0033309360334975425
2025-06-05 18:30:00+00:00,19282.951171875,19445.333984375,19226.845703125,19417.97265625,847152000.0,-0.0069311538709521114,0.0069311538709521,0.0027940233762634,666923038.0416666,19404.791666666668,-0.0069311538709521,-0.0092868156659359,0.0068697089697526,0.0,1.0,18.0,3.0,0.0,0.0,1.0,-0.006953428494582882,0.011251858529097058,0.002099334559722669,0.004104550156012688
2025-06-05 19:30:00+00:00,19300.8359375,19368.544921875,19283.3203125,19287.349609375,686143000.0,0.0009274911016259324,0.0009274911016259,0.0027925972424306,667500329.7083334,19410.175048828125,0.0009274911016259,-0.0096623290828038,0.0067391838752666,1.0,0.0,19.0,3.0,0.0,0.0,1.0,0.0006992317969102765,0.004418679139490212,0.003930612970617444,0.004200929982291917
2025-06-06 13:30:00+00:00,19510.03125,19581.24609375,19497.85546875,19522.923828125,0.0,0.010838665909467249,0.0108386659094672,0.0035108771772292,637785746.375,19422.39762369792,0.0108386659094672,-0.0047244307881401,0.0152649496465322,1.0,1.0,13.0,4.0,0.0,1.0,1.0,-0.0006603815206422498,0.00427142090673254,0.008904644686016374,0.006210245892494049
2025-06-06 14:30:00+00:00,19504.109375,19580.158203125,19475.67578125,19508.794921875,0.0,-0.0003035297547255844,0.0003035297547255,0.0035117872966222,611805246.375,19433.235595703125,-0.0003035297547255,-0.0024987216713735,0.0135164910893992,0.0,0.0,14.0,4.0,0.0,1.0,1.0,-0.00024017613049723266,0.005355657399311989,0.006108673105232136,0.0056905672460781116
2025-06-06 15:30:00+00:00,19520.859375,19555.6875,19504.265625,19514.34375,3514896000.0,0.0008587933792798541,0.0008587933792798,0.0035108161071917,732504538.0416666,19444.69311523437,0.0008587933792798,0.00247864386325,0.0142877584385456,1.0,0.0,15.0,4.0,0.0,1.0,1.0,0.00033388901433080475,0.0026350809260495887,0.006125049319608115,0.005653256975703686
2025-06-06 16:30:00+00:00,19520.8984375,19531.857421875,19465.1953125,19519.89453125,536999000.0,2.001064566270472e-06,2.001064566270472e-06,0.0034016414033743,754879496.375,19452.387125651043,2.001064566270472e-06,0.0053230915714381,0.0095497485090134,1.0,0.0,16.0,4.0,0.0,1.0,1.0,5.142990134464177e-05,0.003415085530727565,0.0006025552837615561,0.005389214770682399
2025-06-06 17:30:00+00:00,19569.09765625,19586.02734375,19521.01171875,19521.01171875,510503000.0,0.002469108627572547,0.0024691086275725,0.0034020629012388,732776496.375,19460.11303710937,0.0024691086275725,0.0148393511877142,0.0095658778599341,1.0,0.0,17.0,4.0,0.0,0.0,1.0,0.0024632912572770645,0.003330545872146179,0.0012525858584596893,0.005235698324650262
2025-06-06 18:30:00+00:00,19543.84765625,19592.939453125,19537.318359375,19583.927734375,619639000.0,-0.0012902996573240788,0.001290299657324,0.0034077279389344,727300913.0416666,19465.4365234375,-0.001290299657324,0.0125907354239434,0.0065803007433331,0.0,0.0,18.0,4.0,0.0,0.0,1.0,-0.0020465801686271956,0.002840139858786866,0.0019100528585962685,0.004100480265254488
2025-06-06 19:30:00+00:00,19526.12109375,19558.95703125,19526.12109375,19540.4765625,582391000.0,-0.0009070149753409584,0.0009070149753409,0.003401377470739,727247204.7083334,19468.62044270833,-0.0009070149753409,0.0008246959496798,0.0039288027514874,0.0,0.0,19.0,4.0,0.0,0.0,1.0,-0.0007346529499464453,0.0016804061761223998,0.002068746334624835,0.004231674507813045
2025-06-09 13:30:00+00:00,19612.673828125,19625.078125,19532.048828125,19577.783203125,0.0,0.00443266401757092,0.0044326640175709,0.0034436036121541,701296329.7083334,19477.74560546875,0.0044326640175709,0.0055662348399336,0.0112925458220249,1.0,1.0,13.0,0.0,0.0,1.0,1.0,0.001782154018051991,0.004751778886802194,0.00319925491635566,0.0020456096800664
2025-06-09 14:30:00+00:00,19579.833984375,19637.109375,19573.345703125,19612.333984375,1214789000.0,-0.0016744195124943628,0.0016744195124943,0.0034706772452163,721342788.0416666,19484.910074869797,-0.0016744195124943,0.0030211072290458,0.0088596593805796,0.0,0.0,14.0,0.0,0.0,1.0,1.0,-0.0016571204643920762,0.003251202632272122,0.0033265986310890903,0.002221527756104919
2025-06-09 15:30:00+00:00,19580.314453125,19601.43359375,19569.873046875,19580.0859375,941973000.0,2.4538959338737953e-05,2.4538959338737957e-05,0.0034713964775342,734337454.7083334,19491.768798828125,2.4538959338737957e-05,0.003043713167979,0.0084781559226225,1.0,0.0,15.0,0.0,0.0,1.0,1.0,1.167081828595779e-05,0.0016118696810495038,0.00315210235824766,0.0022249410658742837
2025-06-09 16:30:00+00:00,19602.42578125,19634.779296875,19580.3359375,19580.3359375,1155571000.0,0.0011292631779706852,0.0011292631779706,0.0034611216537545,782486246.375,19498.05623372396,0.0011292631779706,0.0017030997333367,0.0077576652379682,1.0,0.0,16.0,0.0,0.0,1.0,1.0,0.0011281646964847944,0.002780512017198377,0.0014122978980523754,0.0022290292804921577
2025-06-09 17:30:00+00:00,19617.865234375,19626.23046875,19591.673828125,19601.640625,797104000.0,0.0007876297197750848,0.000787629719775,0.003462102540331,775282454.7083334,19504.534586588543,0.000787629719775,0.0037872572190937,0.0079887675956655,1.0,0.0,17.0,0.0,0.0,0.0,1.0,0.0008277169082626215,0.0017629463413856461,0.0005656024115422082,0.002079318539789389
2025-06-09 18:30:00+00:00,19613.134765625,19628.0,19594.01953125,19614.109375,756462000.0,-0.00024113065787156884,0.0002411306578715,0.0034226431345797,776842829.7083334,19512.597574869797,-0.0002411306578715,0.0044562702165589,0.0099647515445022,0.0,0.0,18.0,0.0,0.0,0.0,1.0,-4.9689198544096526e-05,0.0017324502530464757,0.0007133302881191634,0.001975993384906775
2025-06-09 19:30:00+00:00,19587.216796875,19619.0859375,19586.568359375,19612.431640625,726993000.0,-0.0013214597798728578,0.0013214597798728,0.0034145287372732,782222746.375,19517.676513671875,-0.0013214597798728,-0.0012979888144315,0.0062621378463001,0.0,0.0,19.0,0.0,0.0,0.0,1.0,-0.0012856561701288594,0.0016580084877207885,0.0010546498189750913,0.002030881903872345
2025-06-10 13:30:00+00:00,19649.17578125,19663.67578125,19600.236328125,19620.724609375,0.0,0.003163235747964288,0.0031632357479642,0.0034654517251163,760063329.7083334,19524.994140625,0.0031632357479642,0.0035414905422761,0.0090185416739589,1.0,0.0,13.0,1.0,0.0,1.0,1.0,0.0014500571432211895,0.003233287984414598,0.0023405596059642986,0.0016336070856158417
2025-06-10 14:30:00+00:00,19634.041015625,19661.728515625,19628.66796875,19646.8046875,1540762000.0,-0.0007702493882436601,0.0007702493882436,0.0034734084062571,799808871.375,19531.417805989586,-0.0007702493882436,0.002743907031147,0.0079142183513731,0.0,0.0,14.0,1.0,0.0,1.0,1.0,-0.0006496563730345782,0.0016827442121432755,0.0024456979981868692,0.0014833726727260094
2025-06-10 15:30:00+00:00,19666.92578125,19671.46484375,19539.267578125,19632.994140625,1060969000.0,0.0016748852464365527,0.0016748852464365,0.0034745380867503,844015913.0416666,19539.88525390625,0.0016748852464365,0.0032904090911898,0.010440906743701,1.0,0.0,15.0,1.0,0.0,1.0,1.0,0.001728296783565373,0.006733423576562612,0.001986041956332564,0.0015443941883839902
2025-06-10 16:30:00+00:00,19647.890625,19680.96484375,19647.890625,19666.98046875,720875000.0,-0.0009678765487662888,0.0009678765487662,0.0034808429139258,809875083.3333334,19546.49959309896,-0.0009678765487662,0.0015305126356148,0.0081452587342534,0.0,0.0,16.0,1.0,0.0,1.0,1.0,-0.0009706545333856895,0.001681713102962274,0.0014720693927525353,0.0016326806017976992
2025-06-10 17:30:00+00:00,19630.751953125,19649.111328125,19591.2734375,19648.005859375,847474000.0,-0.0008722906800586738,0.0008722906800586,0.0032853960791384,800349708.3333334,19547.670817057293,-0.0008722906800586,0.0008982341533121,0.0014339584516716,0.0,0.0,17.0,1.0,0.0,0.0,1.0,-0.0008781505041015314,0.002943702838799938,0.0014989680764333252,0.001675483235955114
2025-06-10 18:30:00+00:00,19708.90625,19730.16015625,19629.369140625,19630.4296875,780229000.0,0.003981217686496175,0.0039812176864961,0.0033301800118829,799348875.0,19554.168294270832,0.0039812176864961,0.00621269751527,0.0079752323391619,1.0,1.0,18.0,1.0,0.0,0.0,1.0,0.003997699681019782,0.005134427377775655,0.0028301711924670694,0.002209303876541609
2025-06-10 19:30:00+00:00,19716.240234375,19716.240234375,19667.896484375,19708.720703125,790697000.0,0.0003721152397788696,0.0003721152397788,0.0031928020691299,800531583.3333334,19564.320231119797,0.0003721152397788,0.0034130924305229,0.0125122768698957,1.0,0.0,19.0,1.0,0.0,0.0,1.0,0.00038153319859100284,0.002452911618577793,0.0025209360043591507,0.0020373052006935812
2025-06-11 13:30:00+00:00,19794.83984375,19799.78125,19691.3046875,19777.15625,0.0,0.003986541472443816,0.0039865414724438,0.0031848588668712,776317541.6666666,19580.041178385414,0.0039865414724438,0.008189797912566,0.0194310293962478,1.0,1.0,13.0,2.0,0.0,1.0,1.0,0.0008941423896572593,0.0054849423814407085,0.002085254812765673,0.0022039825862816245
2025-06-11 14:30:00+00:00,19763.390625,19800.330078125,19744.001953125,19792.150390625,0.0,-0.001588758433927362,0.0015887584339273,0.0027816760003371,741019541.6666666,19600.059488932293,-0.0015887584339273,0.004904927431107,0.0249152450183942,0.0,0.0,14.0,2.0,0.0,1.0,1.0,-0.0014530894853458022,0.002845983073505802,0.0028282229874838777,0.0023349508979713966
2025-06-11 15:30:00+00:00,19709.33984375,19768.92578125,19657.2265625,19761.619140625,5972827000.0,-0.0027348941421836415,0.0027348941421836,0.0028860227186907,961298041.6666666,19617.080485026043,-0.0027348941421836,0.0031275224360121,0.0211650887854193,0.0,0.0,15.0,2.0,0.0,1.0,1.0,-0.0026454966317778434,0.005652331317345047,0.003595721829000523,0.0026741382792698307
2025-06-11 16:30:00+00:00,19741.10546875,19750.3046875,19697.44140625,19710.095703125,657588000.0,0.0016117041591361403,0.0016117041591361,0.0019707439050682,988697541.6666666,19626.70857747396,0.0016117041591361,0.0056214614645686,0.0118438671773013,1.0,0.0,16.0,2.0,0.0,1.0,1.0,0.0015732935086704555,0.0026820408204115734,0.0022527577419825945,0.0026461447068038065
2025-06-11 17:30:00+00:00,19598.125,19743.396484375,19551.52734375,19741.763671875,735955000.0,-0.007242779234239771,0.0072427792342397,0.0025240034679174,1019362333.3333334,19630.625895182293,-0.0072427792342397,-0.0056208725433457,0.0048202982864988,0.0,1.0,17.0,2.0,0.0,0.0,1.0,-0.0072758783998429725,0.009718946281296305,0.004427486513433024,0.004011811347597737
2025-06-11 18:30:00+00:00,19593.3515625,19648.5078125,19570.021484375,19597.921875,674367000.0,-0.0002435660299136,0.0002435660299136,0.0025215880143984,901006958.3333334,19633.646402994797,-0.0002435660299136,-0.0062328654152197,0.003713575622231,0.0,0.0,18.0,2.0,0.0,0.0,1.0,-0.00023320393504732247,0.004004829115331903,0.004669633981330166,0.00356552765823918
2025-06-11 19:30:00+00:00,19621.458984375,19621.458984375,19573.201171875,19593.15234375,661845000.0,0.0014345387406202725,0.0014345387406202,0.0025346679911971,906208875.0,19637.83642578125,0.0014345387406202,-0.0087588917487373,0.0051514302580366,1.0,0.0,19.0,2.0,0.0,0.0,1.0,0.0014447211009426723,0.0024629937874899293,0.004602551255143387,0.0036471159093632685
2025-06-12 13:30:00+00:00,19639.69921875,19645.966796875,19555.970703125,19582.296875,0.0,0.0009296064267965143,0.0009296064267965,0.0024943599623303,884937916.6666666,19640.77815755208,0.0009296064267965,-0.0062586126336811,0.0036078087881303,1.0,0.0,13.0,3.0,0.0,1.0,1.0,0.0029313386532957464,0.0045957884473141,0.0008609419139926021,0.003143059470715339
2025-06-12 14:30:00+00:00,19635.30859375,19689.966796875,19616.19921875,19642.12890625,1573910000.0,-0.00022355866813927872,0.0002235586681392,0.0024769659649234,924699208.3333334,19644.58902994792,-0.0002235586681392,-0.0037561506669883,0.004679781540906,0.0,0.0,14.0,3.0,0.0,1.0,1.0,-0.00034722878220343114,0.003755579574754121,0.0008499052294870979,0.003151409057411743
2025-06-12 15:30:00+00:00,19671.236328125,19676.173828125,19619.5,19633.9609375,1252069000.0,0.0018297514502234602,0.0018297514502234,0.0024868831094561,952602458.3333334,19650.635498046875,0.0018297514502234,-0.0035392719387271,0.0074318516042313,1.0,0.0,15.0,3.0,0.0,1.0,1.0,0.0018985160836194619,0.002886520366695621,0.0010292499891951786,0.003186344592383947
2025-06-12 16:30:00+00:00,19663.853515625,19681.759765625,19642.09765625,19670.29296875,1677485000.0,-0.00037531004034785376,0.0003753100403478,0.002329119275234,1022497666.6666666,19652.767985026043,-0.0003753100403478,0.0033538165321937,0.0026095211672061,0.0,0.0,16.0,3.0,0.0,1.0,1.0,-0.00032736945683677895,0.0020163456354214348,0.0012316254231934617,0.0030771978178935583
2025-06-12 17:30:00+00:00,19644.857421875,19686.7421875,19635.96875,19666.13671875,1193174000.0,-0.0009660412561000031,0.0009660412561,0.0023099165142056,1021597041.6666666,19655.477294921875,-0.0009660412561,0.0026287416530399,0.00332093916383,0.0,0.0,17.0,3.0,0.0,0.0,1.0,-0.0010820273030397469,0.0025817697815347647,0.0014735284412590716,0.0010520270813410273
2025-06-12 18:30:00+00:00,19660.515625,19673.74609375,19634.49609375,19645.849609375,852608000.0,0.0007970637194629759,0.0007970637194629,0.0023136068425743,1017873500.0,19658.819010416668,0.0007970637194629,0.0019905064478691,0.0040960104122433,1.0,0.0,18.0,3.0,0.0,0.0,1.0,0.0007465197951022376,0.0019978774540384296,0.0008974002039978395,0.0010289647442097915
2025-06-12 19:30:00+00:00,19660.32421875,19660.32421875,19624.806640625,19660.267578125,763045000.0,-9.735566129154272e-06,9.735566129154272e-06,0.0023048015684226,1001518250.0,19661.2314453125,-9.735566129154272e-06,0.0010501688325403,0.0029536363583828,0.0,0.0,19.0,3.0,0.0,0.0,1.0,2.8809691818752865e-06,0.001806566364565589,0.000882608332799038,0.0009496116141330342
2025-06-13 13:30:00+00:00,19380.685546875,19531.052734375,19374.8125,19454.7109375,0.0,-0.014223502560975487,0.0142235025609754,0.0037197672445692,968305583.3333334,19651.34895833333,-0.0142235025609754,-0.0129676111612551,-0.0120899845455358,0.0,1.0,13.0,4.0,0.0,1.0,1.0,-0.0038050110774101547,0.008030971772180822,0.00844886095534047,0.005517125799184482
2025-06-13 14:30:00+00:00,19533.958984375,19538.701171875,19378.69921875,19381.10546875,1249872000.0,0.007908566347113233,0.0079085663471132,0.0040972593348466,988864333.3333334,19648.04996744792,0.0079085663471132,-0.0069785824063192,-0.0040368753998859,1.0,1.0,14.0,4.0,0.0,1.0,1.0,0.007886728436180292,0.008255563821320016,0.011214270310081324,0.006661872563976963
2025-06-13 15:30:00+00:00,19565.96484375,19591.59375,19529.474609375,19537.787109375,656850000.0,0.0016384727438303326,0.0016384727438303,0.0041053327548948,985941708.3333334,19647.164469401043,0.0016384727438303,-0.0049781021709308,-0.0010849909584086,1.0,0.0,15.0,4.0,0.0,1.0,1.0,0.0014422172898730795,0.003179435842823407,0.011407196621114427,0.006650053308987974
2025-06-13 16:30:00+00:00,19529.556640625,19586.708984375,19516.4921875,19566.98828125,610315000.0,-0.0018607926271844155,0.0018607926271844,0.0040629193879788,1011371500.0,19642.180338541668,-0.0018607926271844,-0.0058692602737655,-0.006087743422762,0.0,0.0,16.0,4.0,0.0,1.0,1.0,-0.001912999593344099,0.0035885337010338482,0.004949735795969357,0.006659901986015886
2025-06-13 17:30:00+00:00,19433.0234375,19550.537109375,19430.931640625,19528.892578125,620615000.0,-0.004942928551905479,0.0049429285519054,0.004174067274795,973032041.6666666,19633.804606119797,-0.0049429285519054,-0.0115710183720066,-0.0102382172862441,0.0,1.0,17.0,4.0,0.0,0.0,1.0,-0.004909092527468065,0.006124539231885289,0.0032929030507732942,0.006828062854414537
2025-06-13 18:30:00+00:00,19392.703125,19442.82421875,19369.31640625,19431.52734375,721560000.0,-0.002074834758969857,0.0020748347589698,0.0041623936634449,958890000.0,19622.37866210937,-0.0020748347589698,-0.0136122421366159,-0.0139433411861165,0.0,0.0,18.0,4.0,0.0,0.0,1.0,-0.001998001395525273,0.003782914806418612,0.0017210141340554368,0.006750951576486899
2025-06-13 19:30:00+00:00,19408.349609375,19425.208984375,19369.501953125,19392.673828125,672586000.0,0.0008068232816305088,0.0008068232816305,0.0041708947544719,956877958.3333334,19612.39778645833,0.0008068232816305,0.001427403712479,-0.0121916912200339,1.0,0.0,19.0,4.0,0.0,0.0,1.0,0.0008083352192138441,0.002872581251235642,0.002874878583386415,0.006796719688687086
2025-06-16 13:30:00+00:00,19706.416015625,19706.61328125,19557.271484375,19557.271484375,0.0,0.01535763793671685,0.0153576379367168,0.0052773166937486,921566541.6666666,19615.550455729168,0.0153576379367168,0.0088285754765813,0.0038543639428929,1.0,1.0,13.0,0.0,0.0,1.0,1.0,0.007626039827138303,0.007636126388812186,0.009344528385419772,0.006993565668055267
2025-06-16 14:30:00+00:00,19703.408203125,19733.306640625,19695.298828125,19706.921875,1303981000.0,-0.0001526311277308956,0.0001526311277308,0.0052147300232976,943389541.6666666,19615.321370442707,-0.0001526311277308,0.0070246144502761,-0.0002789625565853,0.0,0.0,14.0,0.0,0.0,1.0,1.0,-0.00017829633147617072,0.001928652924139123,0.008691137308985934,0.006588171121311657
2025-06-16 15:30:00+00:00,19692.130859375,19715.76171875,19679.265625,19703.6796875,862561000.0,-0.0005723549770547676,0.0005723549770547,0.0052153744311351,946383875.0,19614.316813151043,-0.0005723549770547,0.0083245217360345,-0.0012228180785688,0.0,0.0,15.0,0.0,0.0,1.0,1.0,-0.0005861254500765442,0.001852247617136869,0.009078447818818574,0.006619536040773128
2025-06-16 16:30:00+00:00,19715.5859375,19720.357421875,19672.689453125,19692.4921875,1064196000.0,0.0011910888817718845,0.0011910888817718,0.0051524217888607,990725375.0,19611.014567057293,0.0011910888817718,0.0145403262085681,-0.0040037659751525,1.0,0.0,16.0,0.0,0.0,1.0,1.0,0.0011727185051092204,0.002420616359581836,0.0009211845469161897,0.006504027211553859
2025-06-16 17:30:00+00:00,19695.048828125,19723.408203125,19679.8671875,19715.9765625,596943000.0,-0.0010416687305213612,0.0010416687305213,0.0051470075107672,1015598000.0,19608.1669921875,-0.0010416687305213,0.0155906941480084,-0.0034579995999547,0.0,0.0,17.0,0.0,0.0,0.0,1.0,-0.0010614607046553696,0.002208412831440238,0.0011772281142355863,0.006021871568450781
2025-06-16 18:30:00+00:00,19693.888671875,19703.05859375,19666.671875,19696.654296875,603845000.0,-5.8905984957169366e-05,5.8905984957169366e-05,0.0051170591442695,791890416.6666666,19607.52319335937,-5.8905984957169366e-05,0.014712176369807,-0.000783951770962,0.0,0.0,18.0,0.0,0.0,0.0,1.0,-0.00014041090219260152,0.0018473553021526598,0.0011190409834743594,0.005843967872210224
2025-06-16 19:30:00+00:00,19701.55859375,19703.83203125,19673.599609375,19694.59765625,616633000.0,0.0003894569530065173,0.0003894569530065,0.005106182858755,790183958.3333334,19605.875406901043,0.0003894569530065,-0.0002464893601732,-0.0020032756049351,1.0,0.0,19.0,0.0,0.0,0.0,1.0,0.00035344400639690017,0.0015350616652686918,0.0007320032627729777,0.005862870509318322
2025-06-17 13:30:00+00:00,19631.341796875,19655.505859375,19566.357421875,19633.5234375,0.0,-0.003564022437152481,0.0035640224371524,0.0049338439569105,759519166.6666666,19607.259440104168,-0.0035640224371524,-0.0036575604335583,0.0016948966737888,0.0,0.0,13.0,1.0,0.0,1.0,1.0,-0.00011111814096664228,0.004540623479213446,0.002164750561304231,0.0015077231534996662
2025-06-17 14:30:00+00:00,19624.19140625,19658.404296875,19610.8125,19630.56640625,1005064000.0,-0.00036423341302826984,0.0003642334130282,0.0049342518420649,773298208.3333334,19608.54443359375,-0.0003642334130282,-0.0034500813350352,0.0015739953244662,0.0,0.0,14.0,1.0,0.0,1.0,1.0,-0.00032474865309899164,0.002424372068034047,0.0020990751239205185,0.0015006699533342065
2025-06-17 15:30:00+00:00,19652.748046875,19664.0703125,19614.236328125,19623.8984375,708178000.0,0.001455175402330422,0.0014551754023304,0.0049345004552663,775228750.0,19609.84814453125,0.0014551754023304,-0.0031872190268248,0.0015946348599722,1.0,0.0,15.0,1.0,0.0,1.0,1.0,0.00147012630884138,0.002539453846732639,0.0025410380158569315,0.0016854214426980992
2025-06-17 16:30:00+00:00,19575.4296875,19666.451171875,19570.17578125,19651.822265625,726118000.0,-0.0039342263580941506,0.0039342263580941,0.0049974830969102,805483666.6666666,19607.170247395832,-0.0039342263580941,-0.0060735640550523,-0.0032724295079143,0.0,0.0,16.0,1.0,0.0,1.0,1.0,-0.0038873025153817937,0.004899056653560574,0.0027416767801381695,0.002017918158150276
2025-06-17 17:30:00+00:00,19505.171875,19602.501953125,19492.486328125,19557.708984375,658640000.0,-0.0035890814976523577,0.0035890814976523,0.005047349982772,767347416.6666666,19601.747884114586,-0.0035890814976523,-0.0095825055182985,-0.0066276889985534,0.0,0.0,17.0,1.0,0.0,0.0,1.0,-0.0026862609223285215,0.005625179569237554,0.003016877634878512,0.002240547965571797
2025-06-17 18:30:00+00:00,19547.521484375,19550.01953125,19485.76171875,19505.984375,614284000.0,0.0021711989848847146,0.0021711989848847,0.0050539875751496,740773041.6666666,19596.59309895833,0.0021711989848847,-0.0078185240341271,-0.0062891239618283,1.0,0.0,18.0,1.0,0.0,0.0,1.0,0.0021294546625514766,0.003294261456620284,0.0034296786737456845,0.0025909873978040687
2025-06-17 19:30:00+00:00,19517.91796875,19557.576171875,19515.85546875,19549.603515625,590793000.0,-0.001514438321434386,0.0015144383214343,0.0050605542328679,695494208.3333334,19590.512451171875,-0.0015144383214343,-0.005777691066591,-0.0074215131209678,0.0,0.0,19.0,1.0,0.0,0.0,1.0,-0.0016207769558945458,0.0021340945913125436,0.00291744459815597,0.0025119213740274946
2025-06-18 13:30:00+00:00,19640.77734375,19644.482421875,19491.8984375,19527.787109375,0.0,0.006294696760008378,0.0062946967600083,0.005232979628707,645778625.0,19590.342447916668,0.0062946967600083,0.0008451781353251,-0.0002076919184181,1.0,1.0,13.0,2.0,0.0,1.0,1.0,0.005786125880118545,0.007813685366415465,0.003906612918616359,0.0035870644103832452
2025-06-18 14:30:00+00:00,19624.44140625,19660.654296875,19621.66015625,19639.830078125,858800000.0,-0.0008317357920254453,0.0008317357920254,0.0052328152517412,646036625.0,19588.83935546875,-0.0008317357920254,-0.0014403400764861,-0.0018348561878066,0.0,0.0,14.0,2.0,0.0,1.0,1.0,-0.0007835440435984233,0.0019854622198810156,0.004325018581512475,0.003600912348939419
2025-06-18 15:30:00+00:00,19611.732421875,19648.912109375,19604.009765625,19632.28125,707894000.0,-0.0006476099936761903,0.0006476099936761,0.005234150500205,643738666.6666666,19586.814697265625,-0.0006476099936761,0.0018545051094425,-0.0024715664062476,0.0,0.0,15.0,2.0,0.0,1.0,1.0,-0.0010466857041893692,0.0022871689325457273,0.004062338536084845,0.0035473136300062857
2025-06-18 16:30:00+00:00,19571.654296875,19629.732421875,19571.654296875,19610.95703125,575004000.0,-0.0020435790239161644,0.0020435790239161,0.0043137534101038,667697166.6666666,19594.771728515625,-0.0020435790239161,0.0034084509637266,0.0098535601095284,0.0,0.0,16.0,2.0,0.0,1.0,1.0,-0.002004121181458468,0.0029615140611165833,0.0007584189543260973,0.003286235380075304
2025-06-18 17:30:00+00:00,19597.71484375,19650.205078125,19542.798828125,19571.724609375,587721000.0,0.0013315454319648978,0.0013315454319648,0.0040157940144795,640107541.6666666,19597.42822265625,0.0013315454319648,0.0025677607984788,0.0032638473043788,1.0,0.0,17.0,2.0,0.0,0.0,1.0,0.001327948093166531,0.0054878275749165005,0.0016959388169447843,0.0028998373866681356
2025-06-18 18:30:00+00:00,19528.634765625,19643.0859375,19496.380859375,19597.80078125,713700000.0,-0.003524904749138691,0.0035249047491386,0.0040701609067934,642476291.6666666,19595.87280273437,-0.0035249047491386,0.0005490747984573,-0.0019079088827518,0.0,0.0,18.0,2.0,0.0,0.0,1.0,-0.0035292743505778413,0.007485792909241052,0.002489005804145967,0.003195750625834397
2025-06-18 19:30:00+00:00,19544.751953125,19592.935546875,19519.14453125,19523.685546875,611452000.0,0.0008253105090771928,0.0008253105090771,0.0040557305852782,642523666.6666666,19596.505940755207,0.0008253105090771,-0.0048890830003506,0.0007780674584485,1.0,0.0,19.0,2.0,0.0,0.0,1.0,0.0010790179036340775,0.0037795638250694495,0.002669761379833624,0.0031492914172927583
2025-06-20 13:30:00+00:00,19525.05078125,19695.33203125,19493.818359375,19648.453125,0.0,-0.001008003167410343,0.0010080031674103,0.0039228846454459,616664708.3333334,19600.340413411457,-0.0010080031674103,-0.0050646346024578,0.0047356163618068,0.0,0.0,13.0,4.0,0.0,1.0,1.0,-0.006280511904165484,0.010255956058881861,0.002184040804003652,0.0016437477738354437
2025-06-20 14:30:00+00:00,19466.38671875,19543.5859375,19387.783203125,19520.419921875,1008387000.0,-0.003004553645327035,0.003004553645327,0.0039508591691262,628615833.3333334,19603.410563151043,-0.003004553645327,-0.0074111608295696,0.003799552505654,0.0,0.0,14.0,4.0,0.0,1.0,1.0,-0.002768034875338375,0.00798152575603172,0.0019155117805457087,0.001835321750262465
2025-06-20 15:30:00+00:00,19465.185546875,19509.61328125,19443.376953125,19460.021484375,808098000.0,-6.17049220461574e-05,6.17049220461574e-05,0.0039487061732407,634262166.6666666,19605.778727213543,-6.17049220461574e-05,-0.0054399463829176,0.002928427127701,0.0,0.0,15.0,4.0,0.0,1.0,1.0,0.00026536776971938965,0.0034037130009431397,0.0015023344494577383,0.0018751459407746844
2025-06-20 16:30:00+00:00,19408.375,19501.900390625,19408.375,19465.232421875,628163000.0,-0.0029185720700268813,0.0029185720700268,0.0023039764505445,660435625.0,19593.3603515625,-0.0029185720700268,-0.0096613225194662,-0.0151240598690642,0.0,1.0,16.0,4.0,0.0,1.0,1.0,-0.0029209731814506213,0.004804740503375459,0.0016747856251183722,0.001977289842018455
2025-06-20 17:30:00+00:00,19472.5234375,19486.369140625,19381.2734375,19400.0625,542622000.0,0.003305193634191461,0.0033051936341914,0.0024394069084635,628712333.3333334,19583.740152994797,0.0033051936341914,-0.0028732847328257,-0.0117180115868675,1.0,1.0,17.0,4.0,0.0,0.0,1.0,0.0037350878379902126,0.005417286832194484,0.0031153639522590623,0.002475465284390256
2025-06-20 18:30:00+00:00,19417.455078125,19485.451171875,19410.138671875,19473.896484375,565424000.0,-0.0028280032401424293,0.0028280032401424,0.0024858031907448,616331625.0,19572.295328776043,-0.0028280032401424,-0.0065130974957011,-0.0139485047713479,0.0,1.0,18.0,4.0,0.0,0.0,1.0,-0.002898310889928274,0.0038673564923397555,0.003567435263446519,0.0023644107715221356
2025-06-20 19:30:00+00:00,19446.185546875,19462.16796875,19409.509765625,19417.57421875,718400000.0,0.0014796207141669626,0.0014796207141669,0.0024954310909602,601923458.3333334,19561.0703125,0.0014796207141669,-0.0040391820363783,-0.0136643359968615,1.0,0.0,19.0,4.0,0.0,0.0,1.0,0.0014734759245762185,0.002711883705543001,0.003149191550155007,0.0024513055439604023
2025-06-23 13:30:00+00:00,19553.876953125,19572.34375,19345.357421875,19426.513671875,0.0,0.005537919299926974,0.0055379192999269,0.002785889453912,577050833.3333334,19555.188151041668,0.0055379192999269,0.0044944259887085,-0.0071678865197024,1.0,1.0,13.0,0.0,0.0,1.0,1.0,0.0065561573940254615,0.011684357366377197,0.00418358043405732,0.0033912451650769514
2025-06-23 14:30:00+00:00,19536.51171875,19575.65234375,19524.51171875,19555.2109375,994436000.0,-0.000888071169550031,0.00088807116955,0.0027879622206361,593325458.3333334,19548.630777994797,-0.00088807116955,0.0036642944760651,-0.0079911568378951,0.0,0.0,14.0,0.0,0.0,1.0,1.0,-0.0009562269008380518,0.0026151916828434877,0.0032498488626706585,0.0031414331048985555
2025-06-23 15:30:00+00:00,19436.65625,19539.97265625,19434.529296875,19536.462890625,799254000.0,-0.005111223036514012,0.005111223036514,0.00294772445858,600934666.6666666,19537.593180338543,-0.005111223036514,0.0014571673311134,-0.0134457556994519,0.0,1.0,15.0,0.0,0.0,1.0,1.0,-0.005108736478233959,0.00539725947144707,0.0053624092487586025,0.003806173458148368
2025-06-23 16:30:00+00:00,19574.28125,19577.865234375,19335.3828125,19436.337890625,1060282000.0,0.007080693213370903,0.0070806932133709,0.00326028592947,645113083.3333334,19535.21565755208,0.0070806932133709,0.0052257126728647,-0.0029066045237968,1.0,1.0,16.0,0.0,0.0,1.0,1.0,0.007097188788919756,0.012475725789473948,0.0061911097460546705,0.004440759701879626
2025-06-23 17:30:00+00:00,19601.568359375,19633.640625,19584.3046875,19584.3046875,682057000.0,0.0013940286760210086,0.001394028676021,0.0032741949342712,631654458.3333334,19534.27303059896,0.001394028676021,0.0094818440680939,-0.0011528142182609,1.0,0.0,17.0,0.0,0.0,0.0,1.0,0.0008815054785181533,0.002519156962028346,0.006100536523508962,0.0043493729272090186
2025-06-23 18:30:00+00:00,19614.169921875,19624.447265625,19588.341796875,19602.330078125,546873000.0,0.0006428854196236511,0.0006428854196236,0.0032622120873175,624933416.6666666,19532.66560872396,0.0006428854196236,0.008638422923358,-0.0019629888353519,1.0,0.0,18.0,0.0,0.0,0.0,1.0,0.0006040018560452944,0.0018418967850302394,0.0035201263931194586,0.004032935868686687
2025-06-23 19:30:00+00:00,19631.384765625,19643.6875,19594.0390625,19612.4140625,603831000.0,0.0008776738357303415,0.0008776738357303,0.0031611288471757,619838125.0,19534.9970703125,0.0008776738357303,0.0039638079285149,0.0028584342217903,1.0,0.0,19.0,0.0,0.0,0.0,1.0,0.0009672803696956926,0.0025314801809600026,0.00038426642516640195,0.004038562332162913
2025-06-24 13:30:00+00:00,19832.857421875,19869.6328125,19797.962890625,19809.97265625,0.0,0.010262783734073855,0.0102627837340738,0.0036763277585117,592394791.6666666,19548.650634765625,0.0102627837340738,0.0151688135216372,0.0167999312682294,1.0,1.0,13.0,1.0,0.0,1.0,1.0,0.0011552143974201757,0.003617870812779154,0.005487529149272397,0.005106474614502727
2025-06-24 14:30:00+00:00,19895.076171875,19897.923828125,19832.80078125,19833.203125,1024873000.0,0.0031371551096501804,0.0031371551096501,0.0036983462293923,609502666.6666666,19563.132080078125,0.0031371551096501,0.0235853284628111,0.01777998749242,1.0,0.0,14.0,1.0,0.0,1.0,1.0,0.0031196699032950584,0.0032835365253185748,0.004898301180415956,0.004946318940425692
2025-06-24 15:30:00+00:00,19913.513671875,19915.6953125,19884.46484375,19899.052734375,727547000.0,0.0009267368388397035,0.0009267368388397,0.0036670515909252,615200750.0,19579.615234375,0.0009267368388397,0.0173305174040554,0.0202683351655841,1.0,0.0,15.0,1.0,0.0,1.0,1.0,0.0007267148689454537,0.0015694449965475154,0.004878905339232534,0.0037589943780703306
2025-06-24 16:30:00+00:00,19906.455078125,19937.4140625,19902.048828125,19912.857421875,600415000.0,-0.00035446249548465314,0.0003544624954846,0.0034838501326477,640218041.6666666,19590.68513997396,-0.0003544624954846,0.0155542002129731,0.0135268441633009,0.0,0.0,16.0,1.0,0.0,1.0,1.0,-0.00032151808323434245,0.0017759999795986085,0.0017662962268871064,0.003618014285983515
2025-06-24 17:30:00+00:00,19924.73046875,19940.599609375,19906.330078125,19906.330078125,562923000.0,0.0009180635403580606,0.000918063540358,0.0034716196558005,627889833.3333334,19603.197184244797,0.000918063540358,0.0158334789650538,0.0153017890437565,1.0,0.0,17.0,1.0,0.0,0.0,1.0,0.0009243487148452405,0.0017215393854871659,0.0007372097702686807,0.0036447167799449134
2025-06-24 18:30:00+00:00,19925.07421875,19946.6484375,19918.71875,19924.931640625,622955000.0,1.7252429112657452e-05,1.7252429112657452e-05,0.0034635522621797,624350708.3333334,19616.25309244792,1.7252429112657452e-05,0.0149602005478113,0.0159772624944392,1.0,0.0,18.0,1.0,0.0,0.0,1.0,7.155764826279105e-06,0.001401745712545085,0.0006543387444855357,0.0037006376962816323
2025-06-24 19:30:00+00:00,19912.783203125,19934.734375,19909.474609375,19923.783203125,662053000.0,-0.0006168617235781104,0.0006168617235781,0.0034270687640431,627977750.0,19630.466796875,-0.0006168617235781,0.004029968024771,0.0174297430904688,0.0,0.0,19.0,1.0,0.0,0.0,1.0,-0.0005521039798442836,0.0012678197392269387,0.0007713145686268067,0.0038340551703815212
2025-06-25 13:30:00+00:00,19998.94921875,20052.78125,19977.45703125,20012.375,0.0,0.004327170880436215,0.0043271708804362,0.0035037813093958,603489375.0,19647.18489583333,0.0043271708804362,0.0052210429343237,0.0204735285822346,1.0,1.0,13.0,2.0,0.0,1.0,1.0,-0.0006708739592377217,0.0037638820354905403,0.0026901349472117247,0.0018619824543266098
2025-06-25 14:30:00+00:00,19980.130859375,20029.21484375,19961.908203125,20005.0234375,1014650000.0,-0.0009409674062953455,0.0009409674062953,0.0034016953730673,616028958.3333334,19665.99723307292,-0.0009409674062953,0.0033453256214692,0.0231196957272579,0.0,0.0,14.0,2.0,0.0,1.0,1.0,-0.0012443163689745114,0.003364486966750148,0.002952450504559829,0.0017890782091957293
2025-06-25 15:30:00+00:00,19955.572265625,19979.21875,19943.43359375,19979.171875,716662000.0,-0.001229150796000722,0.0012291507960007,0.0034309129104955,620412708.3333334,19683.11474609375,-0.0012291507960007,0.0024674000120681,0.0210194692409138,0.0,0.0,15.0,2.0,0.0,1.0,1.0,-0.001181210588839784,0.0017911230992901201,0.003128072922377618,0.0019073214027661312
2025-06-25 16:30:00+00:00,19970.9296875,19975.18359375,19940.71875,19954.8984375,664403000.0,0.0007695806299403696,0.0007695806299403,0.0034076548727676,648096166.6666666,19701.693033854168,0.0007695806299403,0.0023186872626688,0.0228362482251867,1.0,0.0,16.0,2.0,0.0,1.0,1.0,0.0008033741715203856,0.0017271370164045716,0.0010804282764577476,0.001889981470284155
2025-06-25 17:30:00+00:00,19950.923828125,19971.439453125,19919.423828125,19970.7890625,563342000.0,-0.0010017490266125417,0.0010017490266125,0.0033303289116578,629552625.0,19721.882080078125,-0.0010017490266125,0.0012973406819571,0.0248909628877502,0.0,0.0,17.0,2.0,0.0,0.0,1.0,-0.000994714545971636,0.002604585369021395,0.0010942461354702562,0.0019513372753783415
2025-06-25 18:30:00+00:00,19960.61328125,19980.595703125,19931.83984375,19951.046875,617229000.0,0.00048566438368835563,0.0004856643836883,0.003324394744506,621599750.0,19742.52490234375,0.0004856643836883,0.0024019785500146,0.0254519913607778,1.0,0.0,18.0,2.0,0.0,0.0,1.0,0.0004794939488607662,0.0024437744886507363,0.000951368824397504,0.0019524841776902885
2025-06-25 19:30:00+00:00,19973.69921875,19975.81640625,19938.318359375,19961.380859375,614484000.0,0.000655587947905989,0.0006555879479059,0.0032170650945707,621029791.6666666,19766.080078125,0.0006555879479059,-0.0012625663340515,0.0291278491244115,1.0,0.0,19.0,2.0,0.0,0.0,1.0,0.0006171095808341634,0.0018785297038901385,0.0009117783464130144,0.0019165521299600963
2025-06-26 13:30:00+00:00,20081.166015625,20082.287109375,19984.62109375,20064.267578125,0.0,0.005380415300042074,0.005380415300042,0.0033027989070767,598420541.6666666,19791.440185546875,0.005380415300042,0.0050567815076443,0.0312564819900476,1.0,1.0,13.0,3.0,0.0,1.0,1.0,0.0008422155174218004,0.004867659148020935,0.0027782324734236924,0.0022797052193136587
2025-06-26 14:30:00+00:00,20074.2109375,20115.328125,20073.5546875,20080.619140625,1018870000.0,-0.0003463483205899953,0.0003463483205899,0.0032057410153501,617314125.0,19818.805013020832,-0.0003463483205899,0.0059451400488956,0.0338229627277406,0.0,0.0,14.0,3.0,0.0,1.0,1.0,-0.0003191237819971196,0.0020802863301903063,0.003058422560738791,0.0022236050347572505
2025-06-26 15:30:00+00:00,20114.767578125,20128.265625,20062.384765625,20072.66015625,749380000.0,0.002020335481741853,0.0020203354817418,0.0032082837327783,618604958.3333334,19846.66259765625,0.0020203354817418,0.0072023632788127,0.0343811401798253,1.0,0.0,15.0,3.0,0.0,1.0,1.0,0.002097749951786488,0.003282119004764137,0.0028777059779207114,0.0020957263811563543
2025-06-26 16:30:00+00:00,20138.830078125,20141.798828125,20104.24609375,20113.796875,739519000.0,0.0011962604045283598,0.0011962604045283,0.0030857281866051,649418250.0,19871.03564453125,0.0011962604045283,0.0094184235085448,0.0299149435379113,1.0,0.0,16.0,3.0,0.0,1.0,1.0,0.0012445786979242326,0.0018670137025036454,0.0012013834824842514,0.002089432710613766
2025-06-26 17:30:00+00:00,20173.5390625,20182.23828125,20139.21484375,20139.37890625,609231000.0,0.0017234856364720663,0.001723485636472,0.003053540272519,633368041.6666666,19897.578450520832,0.001723485636472,0.0106672965529577,0.0326070156699784,1.0,0.0,17.0,3.0,0.0,0.0,1.0,0.0016961871768249432,0.002136284227049734,0.00041736994156253764,0.0018514581400020807
2025-06-26 18:30:00+00:00,20170.060546875,20180.23828125,20155.3515625,20173.990234375,717581000.0,-0.00017242961754126984,0.0001724296175412,0.0027511633321693,629965000.0,19928.136962890625,-0.0001724296175412,0.0098309945481038,0.0377330487014708,0.0,0.0,18.0,3.0,0.0,0.0,1.0,-0.00019478979886210614,0.0012336041834497796,0.00097858515828651,0.0019317250390766365
2025-06-26 19:30:00+00:00,20170.7421875,20186.9609375,20154.9609375,20170.169921875,699601000.0,3.3794674211051756e-05,3.379467421105176e-05,0.0024995543938274,614936625.0,19952.989501953125,3.379467421105176e-05,0.004460705708289,0.0304716648280507,1.0,0.0,19.0,3.0,0.0,0.0,1.0,2.8371879226429577e-05,0.001586501260224649,0.001040198591364172,0.0019901121839559764
2025-06-27 13:30:00+00:00,20270.595703125,20299.716796875,20212.8515625,20218.181640625,1462505889.0,0.004950413559243305,0.0049504135592433,0.0026111166882966,647455328.7083334,19980.865641276043,0.0049504135592433,0.0097829382303709,0.0341313170193353,1.0,1.0,13.0,4.0,0.0,1.0,1.0,0.002592422178791927,0.004296392025703195,0.00289997677959362,0.0018485561086824722
2025-06-27 14:30:00+00:00,20278.29296875,20290.4921875,20242.755859375,20270.25,990947000.0,0.0003797256744562105,0.0003797256744562,0.0026149955349784,665958412.0416666,20008.537434895832,0.0003797256744562,0.0081296186987929,0.0338593501290271,1.0,0.0,14.0,4.0,0.0,1.0,1.0,0.00039678685512018846,0.0023549945424945424,0.0027442059342587676,0.001755975982343136
2025-06-27 15:30:00+00:00,20290.177734375,20310.73046875,20274.283203125,20277.978515625,751375000.0,0.0005860831403963207,0.0005860831403963,0.0026181629350429,672106078.7083334,20035.98714192708,0.0005860831403963,0.0075152159118911,0.0335581507170885,1.0,0.0,15.0,4.0,0.0,1.0,1.0,0.0006015993527461335,0.0017973816076842133,0.0025813804817307255,0.0017616453132945633
2025-06-27 16:30:00+00:00,20265.00390625,20292.607421875,20261.16796875,20289.337890625,611651000.0,-0.0012406903702154581,0.0012406903702154,0.0018661668845728,697591537.0416666,20053.993245442707,-0.0012406903702154,0.0045339017346748,0.0217894212206837,0.0,0.0,16.0,4.0,0.0,1.0,1.0,-0.0011993483723411148,0.0015495554016835159,0.0010004526492752984,0.001997329707234501
2025-06-27 17:30:00+00:00,20159.685546875,20271.52734375,20159.685546875,20265.181640625,680638000.0,-0.0051970559622008805,0.0051970559622008,0.0021807251687191,683248412.0416666,20065.018636067707,-0.0051970559622008,-0.0005143762447261,0.0133002443777556,0.0,1.0,17.0,4.0,0.0,0.0,1.0,-0.005205780812668126,0.005518914108857239,0.0029561976714609856,0.002986402468564665
2025-06-27 18:30:00+00:00,20167.546875,20179.365234375,20095.275390625,20161.0078125,739515000.0,0.00038995291403343124,0.0003899529140334,0.0021794772030403,683747078.7083334,20075.603352864586,0.0003899529140334,-0.0001584132338957,0.012756824702603,1.0,0.0,18.0,4.0,0.0,0.0,1.0,0.00032434204484290335,0.004170914694942163,0.0028730499009772836,0.0029915108312660614
2025-06-27 19:30:00+00:00,20270.76171875,20276.802734375,20169.4296875,20170.98046875,776904000.0,0.005117868047598062,0.005117868047598,0.002361510718414,691100787.0416666,20090.78279622396,0.005117868047598,8.189972679151225e-06,0.0183009299845322,1.0,1.0,19.0,4.0,0.0,0.0,1.0,0.004946772426585145,0.005323144655330378,0.005163421136889079,0.003566878646033028
2025-06-30 13:30:00+00:00,20322.1640625,20377.5703125,20295.6328125,20361.544921875,0.0,0.002535787478694207,0.0025357874786942,0.0023891855958069,667645662.0416666,20107.342529296875,0.0025357874786942,0.0021634510270469,0.0199467488091413,1.0,1.0,13.0,0.0,0.0,1.0,1.0,-0.001934080126341101,0.004024129815020675,0.0023673095683142582,0.00318502900543455
2025-06-30 14:30:00+00:00,20302.84765625,20328.087890625,20293.212890625,20322.98828125,967082000.0,-0.0009505093153757693,0.0009505093153757,0.0024114913212993,681984287.0416666,20123.083089192707,-0.0009505093153757,0.0006244362193799,0.0189597003932113,0.0,0.0,14.0,0.0,0.0,1.0,1.0,-0.0009910267486884176,0.0017160370078142344,0.003045395683653902,0.003223619944307392
2025-06-30 15:30:00+00:00,20313.43359375,20341.107421875,20296.0625,20302.056640625,775661000.0,0.0005214016121892762,0.0005214016121892,0.002393836374601,686717953.7083334,20139.77685546875,0.0005214016121892,0.002389818809019,0.0201202607660653,1.0,0.0,15.0,0.0,0.0,1.0,1.0,0.0005603842667956304,0.002218736883280279,0.0017501684459028048,0.0032223455244175516
2025-06-30 16:30:00+00:00,20320.24609375,20341.259765625,20310.525390625,20313.599609375,626842000.0,0.000335369201300173,0.0003353692013001,0.0022763028086604,712836370.375,20153.164225260414,0.0003353692013001,0.0079644370693019,0.0160656878261769,1.0,0.0,16.0,0.0,0.0,1.0,1.0,0.00032719382594961446,0.0015129950176735625,0.0008015207832859102,0.0031620003237595416
2025-06-30 17:30:00+00:00,20305.095703125,20323.615234375,20286.4765625,20320.1484375,583901000.0,-0.0007455810601457724,0.0007455810601457,0.0022706451164603,694888495.375,20166.70442708333,-0.0007455810601457,0.0068203053637379,0.0162644001702081,0.0,0.0,17.0,0.0,0.0,0.0,1.0,-0.0007407787606128307,0.0018276771938566209,0.0006841426042401245,0.0021293193839928355
2025-06-30 18:30:00+00:00,20372.884765625,20385.11328125,20267.57421875,20304.96875,694131000.0,0.003338524648744512,0.0033385246487445,0.0022954019022804,693949703.7083334,20184.092447916668,0.0033385246487445,0.0050379481684961,0.0209120788141392,1.0,1.0,18.0,0.0,0.0,0.0,1.0,0.003344797840430067,0.005788684727722124,0.0021161015866692657,0.002268862879341103
2025-06-30 19:30:00+00:00,20368.4296875,20418.138671875,20359.875,20372.07421875,705001000.0,-0.00021867684308096713,0.0002186768430809,0.0023060322515809,695641287.0416666,20200.654947916668,-0.0002186768430809,0.0022766091671,0.0199039306742339,0.0,0.0,19.0,0.0,0.0,0.0,1.0,-0.00017889838859145993,0.0028599774008959493,0.002221532127038924,0.0016408144979021505
2025-07-01 13:30:00+00:00,20267.201171875,20338.751953125,20257.892578125,20294.880859375,0.0,-0.004969873337222652,0.0049698733372226,0.002569800474215,672168703.7083334,20213.83317057292,-0.0049698733372226,-0.0017557381594215,0.0158527668430141,0.0,1.0,13.0,1.0,0.0,1.0,1.0,-0.001363875338406516,0.003984225162999559,0.004168473495030148,0.002473313341380467
2025-07-01 14:30:00+00:00,20194.4921875,20278.181640625,20105.837890625,20263.884765625,1235233000.0,-0.0035875197447539087,0.0035875197447539,0.0027122789120755,697918870.375,20223.578125,-0.0035875197447539,-0.0058553078041221,0.0117170200611869,0.0,1.0,14.0,1.0,0.0,1.0,1.0,-0.0034244459503991716,0.008504970887534772,0.00244383142069674,0.0027583467993630324
2025-07-01 15:30:00+00:00,20207.580078125,20217.2421875,20139.78125,20193.044921875,1004026000.0,0.0006480920888469743,0.0006480920888469,0.0027122593280226,714149787.0416666,20233.323160807293,0.0006480920888469,-0.0055445202339184,0.0117094413415141,1.0,0.0,15.0,1.0,0.0,1.0,1.0,0.0007198100289597314,0.0038360206595730913,0.002927252539728024,0.002768559576135224
2025-07-01 16:30:00+00:00,20249.103515625,20262.322265625,20198.498046875,20206.62890625,721635000.0,0.0020548446345116655,0.0020548446345116,0.002530330735451,744217912.0416666,20240.320556640625,0.0020548446345116,-0.0027575436392246,0.0083629356915493,1.0,0.0,16.0,1.0,0.0,1.0,1.0,0.002102013629886696,0.003158578258952382,0.002936994952840947,0.002950467775519557
2025-07-01 17:30:00+00:00,20242.306640625,20274.005859375,20236.638671875,20248.912109375,550285000.0,-0.0003356630082292922,0.0003356630082292,0.0025302037951048,724693537.0416666,20247.324544270832,-0.0003356630082292,-0.0064094077251309,0.008373714097573,0.0,0.0,17.0,1.0,0.0,0.0,1.0,-0.0003262135128208566,0.0018453923498783645,0.0012014750382870222,0.0029487831469808446
2025-07-01 18:30:00+00:00,20235.76171875,20260.1328125,20172.93359375,20242.123046875,658164000.0,-0.0003233288572886961,0.0003233288572886,0.0025080880228392,720892870.375,20252.365966796875,-0.0003233288572886,-0.0065134117251767,0.0060151895941658,0.0,0.0,18.0,1.0,0.0,0.0,1.0,-0.0003142619037671579,0.0043078099341690304,0.0013766134823292833,0.002449587664957477
2025-07-01 19:30:00+00:00,20203.591796875,20250.27734375,20199.763671875,20236.404296875,619457000.0,-0.0015897559144112394,0.0015897559144112,0.0025269316680111,715890287.0416666,20255.064371744797,-0.0015897559144112,-0.0031385377023972,0.0032157637012064,0.0,0.0,19.0,1.0,0.0,0.0,1.0,-0.0016214590061865417,0.00249617823077396,0.0007276375745781253,0.002435043117535129
2025-07-02 13:30:00+00:00,20328.732421875,20335.42578125,20185.119140625,20194.087890625,0.0,0.006193979083430001,0.00619397908343,0.0027990880134003,690505662.0416666,20261.53076171875,0.00619397908343,0.0066473686552064,0.0076929168895052,1.0,1.0,13.0,2.0,0.0,1.0,1.0,0.006667522295597615,0.007443101240278303,0.004176634825665791,0.0030898866138406654
2025-07-02 14:30:00+00:00,20341.662109375,20381.552734375,20319.537109375,20333.0703125,1063370000.0,0.0006360301877990082,0.000636030187799,0.0027977294641608,704913537.0416666,20268.68082682292,0.000636030187799,0.0066352344383455,0.0085077366079888,1.0,0.0,14.0,2.0,0.0,1.0,1.0,0.0004225528532067333,0.0030499882234644683,0.004008978469549254,0.0025356432905502394
2025-07-02 15:30:00+00:00,20364.2890625,20376.388671875,20339.857421875,20339.857421875,804904000.0,0.0011123453434305208,0.0011123453434305,0.0028009759099588,709301162.0416666,20276.74527994792,0.0011123453434305,0.005688426985724,0.0095954265440934,1.0,0.0,15.0,2.0,0.0,1.0,1.0,0.0012011706925105774,0.001796042579959856,0.0030806025796217052,0.002529730433510072
2025-07-02 16:30:00+00:00,20360.125,20378.658203125,20351.140625,20364.78125,669298000.0,-0.00020447865806760834,0.0002044786580676,0.0026293955798741,676250833.3333334,20280.475667317707,-0.0002044786580676,0.0058204018675691,0.0044167077369707,0.0,0.0,16.0,2.0,0.0,1.0,1.0,-0.00022864227917989544,0.00135123367087481,0.0006667529150525058,0.0025327589989324003
2025-07-02 17:30:00+00:00,20366.107421875,20373.23828125,20348.4375,20359.470703125,546130000.0,0.00029383031169993856,0.0002938303116999,0.0026291802300408,657716791.6666666,20284.134602864586,0.0002938303116999,0.0064413539226559,0.0043304657477987,1.0,0.0,17.0,2.0,0.0,0.0,1.0,0.0003259769788112086,0.0012181446959813793,0.0006648689266115402,0.00249729914803404
2025-07-02 18:30:00+00:00,20369.42578125,20384.517578125,20360.271484375,20365.869140625,679422000.0,0.0001629353762240271,0.000162935376224,0.0026277806984015,654718750.0,20287.436604817707,0.000162935376224,0.0082081436826817,0.0039057344845601,1.0,0.0,18.0,2.0,0.0,0.0,1.0,0.00017463731110327913,0.0011905258539462423,0.0002583403395002812,0.002464993893932885
2025-07-02 19:30:00+00:00,20392.927734375,20396.796875,20359.578125,20367.6484375,683641000.0,0.0011537857462153855,0.0011537857462153,0.0026174963157643,657718333.3333334,20292.76676432292,0.0011537857462153,0.0031578610593014,0.0063125489003998,1.0,0.0,19.0,2.0,0.0,0.0,1.0,0.001241149509849988,0.0018273464467048884,0.0005382752222296295,0.00219880319325799
2025-07-03 13:30:00+00:00,20580.1796875,20589.03515625,20481.90625,20502.98046875,0.0,0.009182200592481093,0.009182200592481,0.0029387378385673,629358416.6666666,20310.287353515625,0.009182200592481,0.0117255697613358,0.0208581696201199,1.0,1.0,13.0,3.0,0.0,1.0,1.0,0.0037652681212697165,0.005225040642909577,0.004946115890956535,0.003309046383699864
2025-07-03 14:30:00+00:00,20593.853515625,20600.8125,20564.806640625,20584.06640625,1043544000.0,0.0006644173341840975,0.000664417334184,0.0029373439632781,642026291.6666666,20328.05013020833,0.000664417334184,0.0112728930737746,0.0211382496476781,1.0,0.0,14.0,3.0,0.0,1.0,1.0,0.00047547016132965404,0.0017492102223333012,0.0047827390691555,0.003307452970297788
2025-07-03 15:30:00+00:00,20601.326171875,20624.248046875,20593.21484375,20594.6171875,803688000.0,0.00036285857060858184,0.0003628585706085,0.0027957447767024,643142291.6666666,20341.823649088543,0.0003628585706085,0.0118467431744648,0.0163074509834149,1.0,0.0,15.0,3.0,0.0,1.0,1.0,0.00032576397579616335,0.0015068599159898804,0.005007067721763913,0.0033440847103032275
